video_id,preds,true
adult-male-singing_peeks-www_k_to_keek_vqfgeab_6.mp4,0.8981253,0.7908095
aiming_1-3-2-3-6-3-4-7-14413236347.mp4,0.91200495,0.82497895
applauding_1-7-4-5-3-8-3-6-3017453836.mp4,0.82194865,0.8584275
ascending_flickr-2-2-7-3-0-0-7-6-15622730076_19.mp4,0.84167737,0.61870265
asking_flickr-1-1-7-8-7-6-9-1-3011787691_19.mp4,0.85351473,0.91931933
assembling_1-0-1-3265068101.mp4,0.85921925,0.8932368
attacking_flickr-8-8-6-9706935886_1.mp4,0.9305398,0.909412
attacking_meta-5501146_98.mp4,0.87027746,0.94233215
baking_flickr-9-8-4-0-8-9-4-2-2498408942_12.mp4,0.9157879,0.87192506
baptizing_bing-www_dailymotion_com_video_x4eryao_122.mp4,0.9360376,0.9778827
barbecuing_flickr-2-2-9-2724692229_2.mp4,0.8959329,0.7876115
bathing_3-5-5-3044440355.mp4,0.8839994,0.8643087
bathing_6-9-6-8533088696.mp4,0.93952656,0.860705
bathing_flickr-0-5-9-1-7-6-0-8-4605917608_13.mp4,0.89039147,0.77254397
bathing_flickr-1-3-8-5070310138_45.mp4,0.8693474,0.8545929
bathing_flickr-3-3-5-8-1-4-7-9-16333581479_19.mp4,0.8898835,0.90382123
bathing_flickr-6-9-5-1-2-3-5-1-6869512351_8.mp4,0.8626081,0.85355073
bathing_flickr-9-1-5-0-5-5-8-3-6591505583_3.mp4,0.9007139,0.91173756
bending_flickr-8-7-4-4-5-7-5-8-4287445758_27.mp4,0.8026615,0.87838036
bicycling_flickr-0-8-9-1-6-3-1-6-2708916316_7.mp4,0.8973145,0.9291067
bicycling_flickr-1-6-4-6-6-6-4-6-15016466646_7.mp4,0.81588054,0.8098771
bicycling_flickr-1-7-0-0-6-9-4-2-2417006942_9.mp4,0.78490525,0.7395082
bicycling_flickr-2-4-1-5498648241_3.mp4,0.8148868,0.69252527
bicycling_flickr-2-9-4-4936339294_2.mp4,0.7824595,0.72348726
bicycling_flickr-3-6-4-2-8-7-2-8-8636428728_3.mp4,0.872141,0.9437376
bicycling_flickr-3-6-5-3-6-4-5-4-3436536454_4.mp4,0.8110049,0.679268
bicycling_flickr-3-8-7-3-0-7-3-4-3838730734_35.mp4,0.83788055,0.8094109
bicycling_flickr-4-0-1-8-5-9-9-9-6240185999_4.mp4,0.76008195,0.74067014
bicycling_flickr-4-2-9-4-2-3-2-2-6342942322_1.mp4,0.8736826,0.7521541
bicycling_flickr-4-6-2-5-5-1-2-2-16246255122_14.mp4,0.7428313,0.6633684
bicycling_flickr-4-8-4-5-8-7-9-7-9348458797_2.mp4,0.789392,0.73745304
bicycling_flickr-5-9-9-4-7-0-1-1-15059947011_163.mp4,0.82761395,0.6476424
bicycling_flickr-7-7-7-2-8-8-9-1-3477728891_13.mp4,0.79174244,0.83345073
bicycling_kwwccfoBoA4_103.mp4,0.8895559,0.8436505
biking_flickr-0-1-4-7-5-7-6-6-15801475766_17.mp4,0.897104,0.9001708
biking_flickr-0-6-0-6-4-3-7-0-3806064370_25.mp4,0.764866,0.70710987
biking_flickr-2-7-5-1-7-9-1-4-3827517914_1.mp4,0.83230513,0.7954723
biking_flickr-2-7-6-2-1-4-3-7-5027621437_7.mp4,0.7547785,0.61380476
biking_flickr-3-5-7-5-7-5-9-6-3835757596_1.mp4,0.7377355,0.58668053
biking_flickr-3-8-8-6-6-9-4-8-15738866948_77.mp4,0.87519383,0.912021
biking_flickr-4-4-2-4-7-1-7-1-5344247171_19.mp4,0.7834004,0.6391575
biking_flickr-4-7-1-5-0-9-9-5-2447150995_3.mp4,0.7467324,0.72654235
biking_flickr-5-7-2-8-8-3-3-3-6457288333_3.mp4,0.78463644,0.69928116
biking_flickr-5-7-6-9-2-9-9-3-4657692993_57.mp4,0.7936274,0.79419166
biking_flickr-6-3-8-3720889638_8.mp4,0.8150972,0.72095597
biking_flickr-7-4-6-5-8-1-7-6-2874658176_2.mp4,0.93110895,0.89768755
boarding_6-4-4-4-2-8-0-9-4364442809.mp4,0.85093576,0.93119645
boarding_flickr-1-4-5-8-7-2-8-8-3014587288_7.mp4,0.774139,0.7749909
boarding_flickr-2-5-8-6-6-9-7-9-4425866979_3.mp4,0.76484776,0.5736691
boarding_flickr-3-1-9-3-3-8-8-1-5331933881_2.mp4,0.8737339,0.8461183
boarding_flickr-3-2-7-0-5-4-8-7-4632705487_19.mp4,0.78133696,0.68451387
boarding_flickr-3-8-1-4-7-8-2-0-21538147820_5.mp4,0.8488133,0.7238737
boarding_flickr-4-9-1-0-2-9-1-7-3149102917_1.mp4,0.82164824,0.8067833
boarding_flickr-6-3-4-9-8-3-9-6-7463498396_4.mp4,0.87039,0.88772583
boarding_flickr-9-2-4-1-9-1-8-0-3092419180_49.mp4,0.72667795,0.82121634
boarding_flickr-9-2-4-6-2-5-0-6-3492462506_11.mp4,0.8409495,0.839649
boating_1-6-2-6-0-8-1-7-6016260817.mp4,0.6490635,0.6447947
boating_3-0-6-9-1-3-6-3-23430691363.mp4,0.6210383,0.60742986
boating_4-2-9-7-5-9-3-0-7842975930.mp4,0.7126518,0.7674722
boating_4-7-9-5-1-5-8-3-4647951583.mp4,0.7633949,0.82484233
boating_5-1-5-7-1-7-1-6-21851571716.mp4,0.79741096,0.8111965
boating_5-9-1-3-5-6-9-7-6659135697.mp4,0.80008066,0.7128543
boating_6-1-0-5-0-4-6-6-8261050466.mp4,0.707518,0.6749999
boating_6-4-9-2477365649.mp4,0.5790511,0.46280545
boating_6-5-5-3973460655.mp4,0.79215956,0.8614601
boating_6-6-9-3-5-9-7-7-8766935977.mp4,0.7044839,0.6990101
boating_flickr-4-4-1-6865950441_7.mp4,0.7421904,0.7404199
boating_flickr-9-4-4-6-0-8-4-4-25494460844_6.mp4,0.83365005,0.7891883
boating_flickr-9-7-0-6-1-9-1-5-19697061915_14.mp4,0.70886815,0.64575964
bouncing_flickr-7-8-4-8-6-8-6-4-4478486864_24.mp4,0.6508372,0.82516676
bowing_flickr-4-9-1-1-4-5-0-7-8849114507_2.mp4,0.8232248,0.7896014
breaking_flickr-3-1-2-4-2-3-7-0-23431242370_33.mp4,0.67429787,0.55325514
brushing_flickr-0-1-8-1-9-2-4-9-14001819249_1.mp4,0.8747252,0.91065776
brushing_flickr-5-1-8-1-5-8-9-0-6151815890_55.mp4,0.86634374,0.8263118
brushing_jhH3DFwY0l0_32.mp4,0.88919014,0.91250896
bubbling_1-4-8-2-1-2-2-2-8014821222.mp4,0.7127,0.743089
building_flickr-4-2-8-3-0-7-4-6-2842830746_22.mp4,0.9047345,0.9475561
building_flickr-4-3-6-5-6-8-6-9-8243656869_6.mp4,0.820332,0.5275167
building_flickr-4-9-9-7-1-8-8-3-11749971883_13.mp4,0.7396567,0.48930612
building_flickr-6-5-8-9-4-1-9-4-7565894194_1.mp4,0.91124374,0.877947
building_flickr-7-5-1-2564793751_10.mp4,0.845526,0.8640712
building_flickr-9-0-8-0-4-0-6-5-12990804065_16.mp4,0.91668326,0.9220252
building_flickr-9-7-1-0-1-5-6-8-8697101568_5.mp4,0.82695156,0.7631582
burning_3-7-0-0-4-4-5-2-7537004452.mp4,0.8114807,0.79729134
burning_flickr-1-0-0-0-9-1-9-5-5010009195_31.mp4,0.7734196,0.72392404
burning_flickr-1-5-9-4-1-4-6-6-21415941466_13.mp4,0.8240483,0.7622276
burning_flickr-1-5-9-4-5-0-7-0-23715945070_119.mp4,0.8758337,0.9505478
burning_flickr-1-8-1-2-7-3-3-5-3918127335_12.mp4,0.86482507,0.8779691
burning_flickr-2-6-3-4-6-1-4-8-3926346148_22.mp4,0.7316728,0.5054576
burning_flickr-4-7-9-3-0-9-8-4-7947930984_2.mp4,0.7557016,0.7126849
burning_flickr-5-2-9-4-1-6-7-5-3252941675_22.mp4,0.84876674,0.82778776
burning_flickr-5-3-6-2-7-4-4-9-6153627449_2.mp4,0.8578714,0.82555515
burning_flickr-7-2-7-6-6-4-4-0-6172766440_1.mp4,0.91045696,0.82585984
burning_flickr-7-6-9-7-5-2-3-3-7976975233_21.mp4,0.84169316,0.84370726
burning_flickr-7-7-9-2-3-9-2-9-7977923929_13.mp4,0.87412465,0.9678008
burning_flickr-7-9-9-2-5-0-9-8-19279925098_173.mp4,0.83364826,0.70821697
calling_flickr-8-0-7-6-4-0-4-6-6780764046_12.mp4,0.852996,0.7621644
calling_flickr-9-8-0-4-9-8-6-6-26198049866_5.mp4,0.882894,0.8425236
camping_flickr-0-1-0-8-5-7-5-9-3801085759_22.mp4,0.92184955,0.9251284
camping_flickr-1-3-8-9-3-9-4-5-2413893945_4.mp4,0.8995427,0.87923115
camping_flickr-1-8-9-3-4-5-2-4-3618934524_21.mp4,0.7670645,0.6122301
camping_flickr-2-5-6-6-0-1-4-2-6225660142_7.mp4,0.7554169,0.7343784
camping_flickr-4-0-7-7-7-9-9-8-7740777998_64.mp4,0.90267426,0.7488872
camping_flickr-7-4-6-1-1-5-4-0-2874611540_19.mp4,0.86525416,0.7804859
camping_flickr-7-7-1-7-6-5-6-0-13977176560_57.mp4,0.89661133,0.8631367
camping_flickr-7-8-6-9-6-0-8-0-6178696080_1.mp4,0.8320182,0.733562
camping_flickr-8-2-8-5-1-6-5-1-9582851651_22.mp4,0.90419984,0.7505659
camping_flickr-9-2-7-3-7-5-7-2-4792737572_5.mp4,0.7814974,0.8056325
carrying_flickr-4-2-0-3-0-9-1-7-2642030917_25.mp4,0.9153135,0.80936354
carrying_flickr-9-7-9-4-6-8-7-6-14497946876_1.mp4,0.8555023,0.85640985
chasing_flickr-0-3-7-0-8-2-3-6-4803708236_1.mp4,0.7218082,0.91778845
chasing_flickr-3-0-0-1-3-3-3-8-14430013338_4.mp4,0.8755362,0.88347876
chasing_flickr-3-5-4-8-7-5-4-5-6735487545_33.mp4,0.7913868,0.8568674
chasing_flickr-5-3-8-2-1-5-9-9-6753821599_79.mp4,0.78172493,0.84212023
chasing_flickr-9-0-2-3-3-0-6-9-2890233069_1.mp4,0.84181577,0.921421
chasing_flickr-9-5-8-0-9-4-6-5-11695809465_29.mp4,0.7787817,0.73019046
chasing_flickr-9-9-9-7-8-4-3-7-3699978437_1.mp4,0.8658261,0.6394851
cheering_1-8-5-5786063185.mp4,0.7678798,0.7956739
cheering_2-1-5-6959725215.mp4,0.7134561,0.6010347
cheering_5-0-4-4613296504.mp4,0.66694915,0.6101213
cheering_8-0-9-0-8-8-6-4-15680908864.mp4,0.77140284,0.73106915
cheering_9-1-1-1-8-6-3-0-3591118630.mp4,0.7276337,0.7186031
cheering_flickr-1-8-7-4-5-1-0-5-4518745105_8.mp4,0.88797456,0.81880295
cheering_flickr-4-8-9-3-9-6-8-3-5648939683_5.mp4,0.8041836,0.9011991
cheering_flickr-5-1-5-0-3-2-6-4-4651503264_13.mp4,0.7507562,0.7006875
cheering_flickr-5-7-3-8-1-1-4-3-6657381143_7.mp4,0.7423231,0.63190454
cheering_flickr-6-2-7-7-6-3-9-8-9262776398_47.mp4,0.7662748,0.7709111
cheering_flickr-6-4-9-2-7-5-3-4-21664927534_8.mp4,0.77847403,0.6201199
cheering_flickr-6-4-9-6-9-1-4-3-3664969143_11.mp4,0.67974955,0.6906829
cheering_flickr-6-6-6-4-4-3-4-3-4366644343_2.mp4,0.87961936,0.88432646
cheering_flickr-8-0-2-4-5-9-5-7-5480245957_8.mp4,0.76103616,0.755633
cheering_meta-11556053_9.mp4,0.87075853,0.8589399
cheerleading_flickr-5-9-6-2-4-9-2-0-9259624920_19.mp4,0.81313616,0.8104698
cheerleading_flickr-7-6-9-0-7-1-2-5-12276907125_1.mp4,0.81578606,0.8454867
cheerleading_hwTtZjeQiKI_253.mp4,0.8889673,0.8465059
chewing_0-9-6-7-6-7-8-6-2409676786.mp4,0.9316829,0.94652987
chewing_3-3-6-8-2-7-6-6-3533682766.mp4,0.85702616,0.7654711
chewing_flickr-1-0-3-6-5-6-5-1-4210365651_58.mp4,0.9049122,0.8223964
chewing_flickr-2-7-2-2-4-8-2-8-7427224828_23.mp4,0.8818059,0.8568471
chewing_flickr-5-7-0-6-7-7-0-4-7457067704_11.mp4,0.850877,0.8846588
chewing_flickr-8-9-2-1-2-4-6-3-3189212463_7.mp4,0.8636877,0.78823763
chewing_flickr-9-4-7-4610282947_27.mp4,0.90171117,0.94143766
clapping_3-2-7-1-8-9-0-1-6032718901.mp4,0.7668225,0.7441006
clapping_6-8-1-3269799681.mp4,0.7177244,0.6920651
clapping_7-2-7-5-3-0-2-6-25572753026.mp4,0.72950464,0.71680206
clapping_flickr-1-3-2-3-7-6-5-0-3713237650_22.mp4,0.8734978,0.78859574
clapping_flickr-7-2-9-3370025729_18.mp4,0.76858336,0.64818394
cleaning_flickr-0-0-5-7-8-8-8-6-4800578886_8.mp4,0.93668866,0.9448336
cleaning_flickr-0-6-5-4-4-3-3-1-6906544331_7.mp4,0.72847486,0.8895123
cleaning_flickr-2-7-8-2-7-3-2-8-3927827328_10.mp4,0.8406091,0.9222746
cleaning_flickr-7-1-8-2-7-7-9-5-10971827795_21.mp4,0.8701658,0.9156241
cleaning_flickr-8-1-6-2-9-8-4-6-4381629846_45.mp4,0.8412994,0.7089884
cleaning_flickr-9-5-3-1-5-9-9-0-5395315990_9.mp4,0.9129038,0.91273165
climbing_flickr-0-1-6-1-1-3-1-6-5701611316_54.mp4,0.769016,0.7189253
climbing_flickr-1-4-5-5-3-6-3-8-4914553638_8.mp4,0.8440233,0.8784272
climbing_flickr-5-7-8-1-5-1-9-3-5157815193_24.mp4,0.94055915,0.9471436
climbing_flickr-6-4-0-3-3-8-5-1-5164033851_18.mp4,0.9405053,0.9334186
climbing_flickr-6-4-6-1-1-2-1-4-2664611214_4.mp4,0.6643702,0.6205774
climbing_flickr-6-4-7-3-1-2-5-7-4064731257_13.mp4,0.8280473,0.95721537
climbing_flickr-7-2-3-1-1-7-8-4-3072311784_7.mp4,0.8450325,0.72999215
climbing_flickr-8-0-1-8-3-0-7-6-6080183076_19.mp4,0.8394362,0.6960807
climbing_flickr-8-8-7-9-1-3-9-5-8688791395_6.mp4,0.8903142,0.83444047
climbing_flickr-9-0-1-2-9-0-8-2-5490129082_6.mp4,0.88271415,0.811306
climbing_flickr-9-4-8-9-2-1-3-7-2794892137_51.mp4,0.90137416,0.9122381
climbing_tihc92dP57U_315.mp4,0.90867436,0.92779344
coaching_flickr-7-8-7-9-2-6-0-1-17078792601_18.mp4,0.8932007,0.66692626
combusting_1-6-6-2-4-4-6-0-23616624460.mp4,0.8678216,0.83388734
combusting_3-6-8-3007923368.mp4,0.8631296,0.9024329
combusting_4-3-8-9-2-5-3-3-2943892533.mp4,0.8644968,0.8276754
combusting_4-8-8-4473400488.mp4,0.8559519,0.75727504
combusting_flickr-0-3-0-9-1-1-9-3-5903091193_17.mp4,0.8307783,0.88007045
combusting_flickr-4-7-1-6-3-3-4-7-8747163347_41.mp4,0.759361,0.76665175
combusting_flickr-9-8-5-3-9-4-8-4-13898539484_127.mp4,0.8145011,0.8593756
competing_0-0-0-0-3-1-4-6-13900003146.mp4,0.61921376,0.51023024
competing_0-0-0-3756921000.mp4,0.8429328,0.70093596
competing_0-6-0-4714656060.mp4,0.6972216,0.6954877
competing_0-6-1-9759583061.mp4,0.74961025,0.7417455
competing_0-8-2-1-8-3-0-5-10908218305.mp4,0.7508053,0.6321366
competing_1-4-8-4708517148.mp4,0.6593957,0.6123793
competing_2-0-5-10028691205.mp4,0.7326452,0.7703085
competing_2-1-7-8707379217.mp4,0.65640163,0.5428291
competing_3-3-8-9-3-3-5-6-23333893356.mp4,0.85703117,0.7768447
competing_3-4-3-5739053343.mp4,0.75085706,0.686693
competing_3-6-4-6972818364.mp4,0.7357322,0.65495306
competing_3-7-0-5721663370.mp4,0.6926427,0.48916262
competing_3-9-8-4-1-3-2-2-2839841322.mp4,0.82687026,0.79315495
competing_4-3-5-1-1-5-2-5-6043511525.mp4,0.7480487,0.6658664
competing_4-7-8-1-3-0-3-3-5847813033.mp4,0.9095322,0.84758043
competing_4-9-6-1-6-0-7-5-23149616075.mp4,0.7558929,0.83572555
competing_4-9-6-6-8-0-1-0-20849668010.mp4,0.7500931,0.67826015
competing_5-7-3-0-5-9-9-8-2557305998.mp4,0.7944733,0.5687782
competing_6-0-6-9723352606.mp4,0.77383417,0.7386065
competing_6-0-7-6496350607.mp4,0.8292146,0.88030833
competing_6-1-3-5-9-2-1-4-2461359214.mp4,0.740712,0.6993515
competing_6-1-4-10301410614.mp4,0.7152196,0.7499863
competing_6-1-6-7-0-3-6-5-8461670365.mp4,0.62970036,0.51433235
competing_6-1-7-6-4-1-8-6-8061764186.mp4,0.70957357,0.48185378
competing_6-6-3-5678816663.mp4,0.793803,0.68042135
competing_6-7-4-10130105674.mp4,0.74522585,0.7460398
competing_7-1-8-4125587718.mp4,0.7523185,0.7417454
competing_7-3-7-8-0-7-4-2-3673780742.mp4,0.734933,0.60380554
competing_7995828311.mp4,0.8324905,0.84002626
competing_8-6-1-4042800861.mp4,0.7011592,0.82512915
competing_9-1-5-5-5-4-4-5-5891555445.mp4,0.71282566,0.57383394
competing_9-4-6-4056525946.mp4,0.83931977,0.8256057
competing_flickr-2-0-5-10028691205_3.mp4,0.7748674,0.7303192
competing_flickr-3-1-4-5-8-7-9-6-7731458796_6.mp4,0.7726201,0.8855325
competing_flickr-3-4-8-8-5-9-5-7-4634885957_2.mp4,0.85634094,0.79886353
competing_flickr-4-6-8-2911264468_9.mp4,0.74740916,0.6728831
competing_flickr-4-8-7-2790953487_12.mp4,0.7295114,0.66517836
competing_flickr-5-4-3-0-6-8-6-5-9654306865_20.mp4,0.7794987,0.6463493
competing_flickr-6-0-4-10248141604_15.mp4,0.76014227,0.74128425
competing_flickr-6-3-3-9780587633_10.mp4,0.7613234,0.74723786
competing_flickr-6-9-5-2-3-5-7-5-2669523575_2.mp4,0.7698107,0.70841825
competing_flickr-7-0-5-9809700705_33.mp4,0.8323237,0.7247054
competing_flickr-7-4-3-9701238743_3.mp4,0.81441903,0.86975443
competing_flickr-7-7-8-5-4-9-2-4-3177854924_18.mp4,0.6590225,0.6967905
competing_flickr-7-9-4-10003625794_16.mp4,0.79508793,0.7408383
competing_flickr-8-4-3-4563062843_19.mp4,0.7282955,0.66842675
competing_flickr-9-2-8-7-8-7-9-7-5092878797_10.mp4,0.71279854,0.6297994
constructing_-T-42ZyWBn4_173.mp4,0.9229324,0.9551563
constructing_NtUgSzafFq4_12.mp4,0.9219429,0.86599356
constructing_flickr-3-9-6-8-6-4-0-5-10839686405_1.mp4,0.918844,0.8355351
cooking_LdFMPIJL14s_20.mp4,0.9085659,0.9535976
cooking_flickr-0-1-6-5-6-1-9-9-4701656199_6.mp4,0.9551687,0.96663225
cooking_flickr-0-9-0-5-9-5-3-9-4909059539_6.mp4,0.86803746,0.78141516
cooking_flickr-2-6-2-8-0-6-4-4-4226280644_12.mp4,0.9348157,0.87018216
cooking_flickr-4-6-8-9-0-0-6-2-7946890062_17.mp4,0.9604794,0.98905593
cooking_flickr-8-4-1-1-6-6-3-4-4184116634_7.mp4,0.9115364,0.88818616
cooking_flickr-9-0-6-4-8-0-3-2-2590648032_5.mp4,0.90861934,0.82485384
cooking_flickr-9-1-7-6-2-3-6-2-23391762362_5.mp4,0.8109863,0.75444174
cooking_thmu7SpAy8o_339.mp4,0.95057523,0.87057066
crafting_1-9-9-1-6-3-5-7-4519916357.mp4,0.90659076,0.88389766
crafting_flickr-5-2-6-6-3-5-0-8-3452663508_6.mp4,0.825204,0.8305358
cramming_zZuCYIiWgLw_98.mp4,0.9548786,0.8902257
crashing_flickr-6-2-6-5-6-9-0-8-4962656908_8.mp4,0.6875877,0.73978597
crashing_flickr-6-2-6-7-6-7-9-4-4962676794_2.mp4,0.6699766,0.6855229
crawling_2-6-7-7-3-2-1-4-13926773214_6.mp4,0.94001704,0.9560565
crawling_flickr-0-5-7-7-9-6-7-7-2805779677_1.mp4,0.8474944,0.85685086
crawling_flickr-0-6-7-4-0-9-3-6-2906740936_7.mp4,0.92066807,0.9432974
crawling_flickr-0-9-9-1-1-2-4-8-6809911248_53.mp4,0.8918585,0.9326548
crawling_flickr-1-9-9-7-9-6-3-6-3819979636_64.mp4,0.8621448,0.8702725
crawling_flickr-3-2-9-3-0-9-5-7-3032930957_30.mp4,0.8445849,0.8628104
crawling_flickr-4-9-2-8-7-4-4-4-3749287444_6.mp4,0.8445488,0.8749098
crawling_flickr-5-1-8-6-2-8-2-7-16151862827_4.mp4,0.8888755,0.871841
crawling_flickr-5-4-0-9-6-8-6-9-9354096869_3.mp4,0.907838,0.91696185
crying_flickr-1-7-9-3-7-6-5-7-4917937657_27.mp4,0.8898077,0.82045746
crying_flickr-4-6-2-6-9-3-5-0-5146269350_66.mp4,0.82171965,0.72911596
crying_hcKv0i1OfpM_35.mp4,0.9186243,0.9387846
crying_ikxge2GQWBY_145.mp4,0.8022794,0.7050447
crying_jZNdsbYKsDg_35.mp4,0.85768837,0.7794194
cutting_flickr-0-8-9-4-7-3-8-1-25008947381_2.mp4,0.8902646,0.95553416
cutting_flickr-5-7-0-4-6-2-8-5-14157046285_49.mp4,0.7882683,0.9000429
dancing_2-6-9-4038399269.mp4,0.67714256,0.7349702
dancing_5-6-0-6-6-0-3-1-8156066031.mp4,0.876898,0.9342666
dancing_7-6-0-2-9-8-7-0-3276029870.mp4,0.8622772,0.8563233
dancing_flickr-0-6-2-9-1-0-9-9-8306291099_29.mp4,0.76165277,0.80052036
dancing_flickr-0-7-4-5032683074_10.mp4,0.63094544,0.43991593
dancing_flickr-1-7-9-3-8-3-1-6-5017938316_16.mp4,0.9018534,0.88965064
dancing_flickr-3-1-7-9-4-5-7-6-23631794576_15.mp4,0.88446915,0.88496065
dancing_flickr-3-4-0-2-2-6-8-1-5134022681_10.mp4,0.92985225,0.9130888
dancing_flickr-4-0-5-6-1-0-6-3-8140561063_12.mp4,0.82788634,0.87497056
dancing_flickr-4-0-9-5-9-4-9-7-3840959497_26.mp4,0.92779493,0.9249432
dancing_flickr-4-2-0-0-8-4-1-1-5442008411_6.mp4,0.6985888,0.631923
dancing_flickr-4-4-7-8-4-8-5-4-16644784854_1.mp4,0.87368244,0.7826012
dancing_flickr-4-6-2-9-6-0-3-0-3146296030_7.mp4,0.8175433,0.74497217
dancing_flickr-4-6-6-7-7-0-6-6-23446677066_11.mp4,0.9221839,0.9061839
dancing_flickr-4-7-1-1-1-9-0-3-3747111903_26.mp4,0.8671288,0.87916094
dancing_flickr-4-8-3-6-9-4-1-1-9048369411_130.mp4,0.8515847,0.9102174
dancing_flickr-4-8-4-2-5-8-9-6-5948425896_36.mp4,0.94874406,0.95694965
dancing_flickr-4-9-8-2-8-7-2-2-5049828722_35.mp4,0.8047816,0.89764136
dancing_flickr-4-9-9-6-5-4-0-3-20049965403_6.mp4,0.8933062,0.9334418
dancing_flickr-5-0-6-2-1-4-5-2-2850621452_10.mp4,0.78530085,0.7628507
dancing_flickr-5-3-4-9-4-9-2-8-20253494928_7.mp4,0.7280293,0.5884152
dancing_flickr-6-2-5-3463112625_3.mp4,0.85555863,0.7724386
dancing_flickr-7-2-8-4-9-8-7-8-2572849878_9.mp4,0.86906904,0.7933396
dancing_flickr-7-4-9-5-3-8-7-4-16274953874_13.mp4,0.759822,0.81548935
dancing_flickr-7-6-5-4-7-6-4-4-3476547644_29.mp4,0.79626244,0.883793
dancing_flickr-7-7-3-3-7-1-6-5-2877337165_21.mp4,0.80738854,0.7842834
dancing_flickr-8-6-6-7704014866_53.mp4,0.8897226,0.6986312
dancing_flickr-9-0-5-6-4-2-2-8-9690564228_42.mp4,0.87009054,0.8625552
descending_1-0-7-2-7-6-6-1-5610727661.mp4,0.7243638,0.6423854
descending_1-1-8-8-3-2-8-3-13711883283.mp4,0.7310536,0.67720485
descending_3-0-5-9-6-7-7-2-24330596772.mp4,0.7367519,0.9025337
descending_3-7-0-9-4-1-3-6-25537094136.mp4,0.7366848,0.87909484
descending_4-3-7-9-3-5-5-2-2843793552.mp4,0.78751224,0.8078175
descending_8-0-5-0-2-6-6-9-7080502669.mp4,0.75778115,0.6298875
descending_flickr-1-3-4-8289288134_13.mp4,0.7861608,0.7764414
descending_flickr-3-3-8-9664745338_7.mp4,0.87330616,0.8956482
descending_flickr-5-3-8-2-5-2-7-6-20653825276_6.mp4,0.7816125,0.8031391
descending_flickr-6-4-0-5-6-1-9-4-20064056194_11.mp4,0.84973544,0.7877354
descending_flickr-7-3-5-4-6-0-7-5-14973546075_3.mp4,0.8482373,0.78851527
descending_flickr-7-8-6-5583175786_22.mp4,0.7496993,0.7750286
destroying_flickr-5-2-6-5-9-2-6-9-3152659269_6.mp4,0.92347074,0.8578798
destroying_meta-531023_72.mp4,0.8807693,0.93014663
dialing_5whcVlvTh7o_11.mp4,0.9509285,0.9549169
discussing_4-3-6-6-1-7-5-6-5943661756.mp4,0.72959155,0.66596067
discussing_flickr-5-6-7-3-0-5-9-5-18556730595_10.mp4,0.7824756,0.74285835
diving_1-6-0-2796094160.mp4,0.7662403,0.8338905
diving_4-5-4-9-3-0-1-0-7545493010.mp4,0.70615155,0.74774164
diving_6-7-4-2-0-5-9-6-3867420596.mp4,0.84202445,0.8286017
diving_7-6-8-3-0-1-1-8-2476830118_40.mp4,0.6935965,0.5396839
diving_flickr-0-4-1-3-2-1-0-4-6204132104_14.mp4,0.82523245,0.8335507
diving_flickr-0-4-7-7-4-1-4-5-2404774145_5.mp4,0.82358205,0.8609643
diving_flickr-0-5-3-3-5-7-4-9-5305335749_13.mp4,0.7458552,0.6580326
diving_flickr-0-6-9-4-4-0-1-4-2406944014_44.mp4,0.8507303,0.7768202
diving_flickr-3-0-0-8-9-8-3-5-16230089835_5.mp4,0.9101708,0.8900167
diving_flickr-4-1-5-5-2-8-7-4-9341552874_72.mp4,0.7382409,0.76916367
diving_flickr-4-3-5-2-6-2-2-5-10743526225_8.mp4,0.737677,0.7329734
diving_flickr-4-6-5-5-5-7-0-8-21446555708_17.mp4,0.7996013,0.8360576
diving_flickr-4-6-8-1-1-6-6-3-3646811663_3.mp4,0.6960544,0.7756484
diving_flickr-4-7-4-0-8-0-0-4-8647408004_53.mp4,0.8205254,0.9333283
diving_flickr-4-8-0-8-2-7-1-3-2748082713_3.mp4,0.7236218,0.821391
diving_flickr-5-2-4-8-6-5-0-5-6252486505_3.mp4,0.9056819,0.8140937
diving_flickr-5-2-9-6-0-1-9-3-4052960193_72.mp4,0.68465966,0.6778617
diving_flickr-5-3-8-2-3-4-0-8-16153823408_111.mp4,0.7382925,0.7026026
diving_flickr-5-5-6-3-5-9-7-7-3855635977_36.mp4,0.90758455,0.85666203
diving_flickr-5-6-7-4547624567_11.mp4,0.8142111,0.6105927
diving_flickr-5-8-1-0-4-9-2-6-9058104926_36.mp4,0.820242,0.860827
diving_flickr-5-9-7-2-7-1-6-4-14059727164_12.mp4,0.77214223,0.67672366
diving_flickr-6-0-8-5-7-6-0-8-4460857608_57.mp4,0.7362266,0.7322884
diving_flickr-7-3-6-0-7-1-3-9-4673607139_5.mp4,0.8017663,0.6396857
diving_flickr-7-4-0-5-9-3-7-9-3774059379_16.mp4,0.74040776,0.6760999
diving_flickr-9-6-7-4621055967_11.mp4,0.74215794,0.73692447
diving_meta-480209_97.mp4,0.6944852,0.8495754
draining_0-4-9-2-7-9-7-2-2504927972.mp4,0.67267376,0.7369263
draining_flickr-4-0-4-5-7-8-2-0-8140457820_3.mp4,0.95430815,0.9434104
draining_flickr-5-8-1-6-8-6-1-9-14458168619_17.mp4,0.81337136,0.74280256
draining_flickr-9-2-4-4857928924_10.mp4,0.79748505,0.76050854
draining_flickr-9-5-5-9-8-3-6-3-14895598363_29.mp4,0.8185353,0.82818264
drawing_flickr-5-7-4-7-0-7-1-7-4457470717_5.mp4,0.9561467,0.9561206
drawing_flickr-9-4-8-7-1-8-5-4-3894871854_59.mp4,0.8582381,0.84344274
drenching_3-6-3-3-0-0-3-5-24236330035.mp4,0.7020899,0.49215984
drinking_0-1-3-6-0-4-8-6-2401360486.mp4,0.8863691,0.9330075
drinking_flickr-0-8-3-2-7-8-8-0-4908327880_1.mp4,0.83397365,0.71068645
drinking_flickr-2-0-4-0-6-0-9-8-5720406098_6.mp4,0.87114763,0.777725
drinking_flickr-3-5-3-7-6-8-8-7-3335376887_32.mp4,0.8928378,0.8292331
drinking_flickr-6-3-0-4-3-8-9-5-3363043895_1.mp4,0.9520966,0.8314014
drinking_flickr-9-2-5-7-3-1-1-7-6892573117_9.mp4,0.87489134,0.92088467
drinking_flickr-9-3-2-4-0-4-3-5-2993240435_2.mp4,0.9121712,0.90781575
driving_4-2-6-5273300426.mp4,0.7434514,0.74427295
driving_5-8-4-2-6-2-9-7-4558426297.mp4,0.7324695,0.6249709
driving_6-0-1-3-9-8-4-0-6160139840.mp4,0.7814621,0.702707
driving_6-3-8-4-3-2-6-7-2763843267.mp4,0.7955541,0.7747074
driving_7-4-8-1-9-2-5-6-9174819256.mp4,0.71805036,0.7971098
driving_9-1-1-5-0-9-0-2-7891150902.mp4,0.7532523,0.69009966
driving_9-8-6-3-9-0-1-1-6898639011.mp4,0.66057605,0.67666185
driving_flickr-0-9-9-1-1-2-4-8-6809911248_68.mp4,0.90464145,0.8288861
driving_flickr-3-5-3-2-8-9-0-6-26035328906_22.mp4,0.7423322,0.71045226
driving_flickr-5-1-8-2-9-4-8-6-11651829486_13.mp4,0.6965797,0.71875155
driving_flickr-5-4-5-4-8-3-7-7-2754548377_31.mp4,0.73161894,0.66072154
driving_flickr-6-3-1-1-4-2-1-4-16363114214_6.mp4,0.8832788,0.8649488
driving_flickr-6-9-4-8-8-0-8-8-5969488088_1.mp4,0.8112263,0.88876754
driving_flickr-7-2-4-3-2-6-2-7-5772432627_35.mp4,0.6205282,0.4952627
driving_flickr-7-3-5-7-7-7-2-3-3873577723_2.mp4,0.7860635,0.5946342
driving_flickr-7-4-1-0-8-2-3-3-12274108233_19.mp4,0.6578593,0.52813274
driving_flickr-7-4-2-7-4-9-4-9-14974274949_11.mp4,0.73963,0.794735
driving_flickr-7-7-3-2-0-9-4-1-3177320941_4.mp4,0.8189886,0.8119367
driving_flickr-7-7-4-2-8-1-5-4-8677428154_4.mp4,0.76816547,0.74035156
driving_flickr-7-7-7-8-8-3-2-5-5277788325_56.mp4,0.6072089,0.60706973
driving_flickr-8-0-1-2-9-5-4-2-21080129542_8.mp4,0.85140646,0.72441465
driving_flickr-8-0-2-1-2-6-3-1-17180212631_31.mp4,0.7423446,0.75646526
driving_flickr-8-1-8-8454109818_23.mp4,0.71242017,0.65432715
driving_flickr-8-3-2-4-2-3-7-5-16183242375_59.mp4,0.7960706,0.787853
driving_flickr-8-7-9-7-3-1-0-5-6087973105_7.mp4,0.78376746,0.679593
driving_flickr-9-9-7-6-2-4-5-1-8099762451_44.mp4,0.691667,0.6555918
dropping_0-0-9-3-7-2-3-4-8600937234.mp4,0.8917139,0.9884937
dropping_9-0-5-5218420905.mp4,0.9067014,0.9151475
dropping_flickr-1-1-7-5571221117_31.mp4,0.893412,0.936547
drumming_flickr-1-6-8-0-7-2-2-0-6016807220_71.mp4,0.7752827,0.79894054
drumming_flickr-3-9-3-0-2-8-8-2-7239302882_22.mp4,0.8919359,0.8613761
drumming_flickr-6-4-6-1-7-2-1-8-3164617218_2.mp4,0.78289557,0.73626477
drumming_flickr-8-2-4-5-7-5-4-9-8682457549_25.mp4,0.8658625,0.8358288
drying_flickr-3-0-2-4-3-0-3-7-2830243037_9.mp4,0.8954525,0.9076623
dunking_flickr-baggis-6453768363_2.mp4,0.8137836,0.8772133
dunking_flickr-evananderica-2662125519_8.mp4,0.88443613,0.97572154
eating_6-0-9-5-1-4-3-4-3260951434.mp4,0.84674174,0.7647058
eating_6-4-9-8502168649.mp4,0.85021,0.96543366
eating_6-7-0-1-4-8-8-0-9267014880.mp4,0.9120721,0.94363135
eating_flickr-1-4-3-6815990143_3.mp4,0.916948,0.9265116
eating_flickr-1-8-2-0-4-0-5-1-3718204051_6.mp4,0.88698214,0.95715266
eating_flickr-4-1-3-9-5-9-6-7-4841395967_2.mp4,0.9015878,0.83908254
eating_flickr-4-1-4-2-0-8-4-3-4541420843_77.mp4,0.85645086,0.9168166
eating_flickr-4-2-3-4-0-6-5-5-3842340655_5.mp4,0.8165413,0.7203828
eating_flickr-4-7-4-9-1-7-9-8-2947491798_2.mp4,0.84908444,0.71154374
eating_flickr-5-8-4-0-7-8-8-3-6658407883_15.mp4,0.8307216,0.8825536
eating_flickr-7-0-3-4-7-4-1-9-4970347419_35.mp4,0.8748088,0.9905127
eating_flickr-7-3-0-0-8-6-3-2-5773008632_39.mp4,0.8585283,0.8318306
eating_flickr-7-3-6-8-4-4-4-3-5573684443_19.mp4,0.8924515,0.8943041
eating_flickr-7-4-6-0-0-0-8-5-6074600085_35.mp4,0.88907534,0.94867575
eating_flickr-7-9-5-0-6-3-3-8-2479506338_46.mp4,0.9462338,0.93289816
erupting_0-7-8-9-3-2-8-6-3907893286.mp4,0.77803606,0.8793295
erupting_9-0-0-5-1-3-8-3-14090051383.mp4,0.7264172,0.5954515
erupting_flickr-0-8-8-6-4-7-4-8-21308864748_56.mp4,0.7012669,0.6096898
erupting_flickr-1-5-2-7-8-9-2-5-5515278925_11.mp4,0.8667667,0.8942072
erupting_flickr-2-8-8-3-0-9-2-9-4228830929_15.mp4,0.6538312,0.7049017
erupting_flickr-5-5-9-7-6-0-8-9-5555976089_3.mp4,0.760735,0.75985277
exercising_flickr-6-3-3-9694203633_10.mp4,0.8385589,0.73133546
falling_0-2-5-7-9-5-0-5-9802579505.mp4,0.7035655,0.7367131
falling_4-8-1-2869891481.mp4,0.80862343,0.8625632
falling_flickr-1-0-8-3-0-5-5-5-19210830555_11.mp4,0.79368216,0.90442586
falling_flickr-1-3-1-6-4-6-6-3-3813164663_1.mp4,0.90559566,0.9489811
falling_flickr-2-3-7-9-0-7-5-6-10023790756_3.mp4,0.79473835,0.78377664
falling_flickr-3-5-6-1-1-7-1-1-8035611711_13.mp4,0.7741919,0.83047396
falling_flickr-4-9-4-9-1-3-1-3-4349491313_9.mp4,0.7019051,0.78957355
falling_flickr-4-9-6-3589026496_2.mp4,0.8423168,0.82521874
falling_xGopl-ui9Io_135.mp4,0.82244676,0.8119532
feed_flickr-3-8-4-0-9-5-4-6-2938409546_11.mp4,0.88872087,0.90710646
feed_flickr-6-4-6-5-1-5-9-8-4164651598_57.mp4,0.927961,0.9639916
feed_flickr-9-2-8-8-0-2-6-7-2792880267_55.mp4,0.8924185,0.8082761
feeding_flickr-2-1-0-7-9-3-4-2-15021079342_12.mp4,0.84052503,0.9441208
feeding_flickr-2-3-9-8-3-5-9-8-5523983598_22.mp4,0.8676245,0.85873884
feeding_flickr-2-6-5-5-0-9-6-1-2526550961_32.mp4,0.79290956,0.87916297
feeding_flickr-3-3-5-7-3-2-0-1-25133573201_2.mp4,0.7945866,0.87069374
feeding_flickr-4-5-2-5-9-5-8-0-19845259580_58.mp4,0.8501572,0.77100676
feeding_flickr-4-9-8-3-7-0-6-1-4949837061_2.mp4,0.8132319,0.91159856
feeding_flickr-5-0-3-9-4-9-4-4-4150394944_1.mp4,0.7733273,0.7477356
feeding_flickr-5-2-7-1-3-8-3-6-20652713836_45.mp4,0.79722047,0.7942531
feeding_flickr-5-3-4-5-6-7-0-4-11653456704_14.mp4,0.792608,0.73937416
feeding_flickr-5-4-2-0-5-2-4-9-14154205249_3.mp4,0.93733716,0.8996376
feeding_flickr-5-4-2-5-3-3-7-6-6954253376_1.mp4,0.85786015,0.97030467
feeding_flickr-5-6-2-8254417562_51.mp4,0.85027987,0.8383671
feeding_flickr-5-8-7-4-5-0-8-7-3158745087_3.mp4,0.81962407,0.89914477
feeding_flickr-5-9-7-8-6-6-2-1-8559786621_24.mp4,0.88236266,0.79667026
feeding_flickr-6-1-6-8-9-5-5-4-3861689554_57.mp4,0.8801748,0.8583952
feeding_flickr-6-3-0-8-2-1-5-8-20363082158_57.mp4,0.80813843,0.83018875
feeding_flickr-7-3-3-3-6-0-1-2-4673336012_9.mp4,0.87803346,0.89017636
feeding_flickr-8-2-5-8-7-8-7-5-13582587875_8.mp4,0.77311033,0.70924485
feeding_flickr-8-6-4-8-8-0-1-3-8686488013_18.mp4,0.910006,0.7811414
feeding_flickr-9-0-9-4-1-2-7-0-2990941270_1.mp4,0.8677824,0.7914049
feeding_flickr-9-1-8-8-4-4-1-3-5991884413_4.mp4,0.8503222,0.89866096
feeding_flickr-9-7-8-6-5-9-4-1-4797865941_50.mp4,0.8845086,0.9207184
feeing_KrKLuEmzcBM_26.mp4,0.91569585,0.86548966
fighting_Ec5-GCptFD0_595.mp4,0.89537525,0.8785586
filling_flickr-8-4-3-0-2-9-2-2-19984302922_68.mp4,0.8117883,0.66370773
filming_0-2-3-14056753023.mp4,0.7636306,0.8557191
filming_VZOKJZLeJb4_203.mp4,0.7736725,0.713636
filming_gw12YnS-rcs_244.mp4,0.838089,0.61380845
fishing_aM78x-OSQZU_293.mp4,0.89999694,0.94471335
fishing_dwDRtDzXdnQ_98.mp4,0.8547852,0.7280264
fishing_flickr-0-1-6-8-3-2-4-3-4401683243_31.mp4,0.8841397,0.8687513
fishing_flickr-0-8-1-0-8-6-2-6-5408108626_68.mp4,0.94448745,0.9251651
fishing_flickr-3-0-2-0-1-8-7-4-2530201874_12.mp4,0.8951177,0.89565593
fishing_flickr-4-4-2-7-6-2-1-6-15044276216_1.mp4,0.7987713,0.77911156
fishing_flickr-4-4-9-7-7-9-8-8-2844977988_9.mp4,0.87847334,0.8518861
fishing_flickr-4-6-5-2-6-2-1-0-14946526210_8.mp4,0.8606111,0.77667624
fishing_flickr-5-1-2-5-6-6-6-8-4851256668_4.mp4,0.9194163,0.9024384
floating_5-4-0-2405298540.mp4,0.73914,0.64201605
floating_8-1-5-4316831815.mp4,0.74811864,0.67823154
floating_flickr-1-4-5-8-6-3-3-4-3714586334_14.mp4,0.7209729,0.6680789
floating_flickr-1-9-2-8-5-8-2-9-17919285829_1.mp4,0.67893326,0.72228074
floating_flickr-2-3-9-9-3-9-7-5-6623993975_3.mp4,0.85821104,0.8342281
floating_flickr-3-1-4-4-8-2-4-7-4731448247_48.mp4,0.8695164,0.8629359
floating_flickr-3-5-7-1-3-5-5-0-4835713550_22.mp4,0.84218675,0.7868752
floating_flickr-9-1-5-9-6-1-7-2-5491596172_15.mp4,0.8840133,0.83986276
flowing_3-9-5-5041340395.mp4,0.70238996,0.7137294
flowing_5-9-9-7-7-2-7-5-6759977275.mp4,0.692719,0.55300766
flowing_6-5-2-5016538652.mp4,0.7170826,0.5795157
flowing_6-5-5-3-0-4-7-7-3565530477.mp4,0.72013533,0.54768395
flowing_6-7-2-2603394672.mp4,0.8512428,0.8515525
flowing_flickr-0-4-2-6-3-3-4-9-2604263349_5.mp4,0.77761406,0.6151303
flowing_flickr-1-6-5-3-5-8-3-4-10916535834_4.mp4,0.8224623,0.7807638
flowing_flickr-3-9-2-2889667392_17.mp4,0.70235723,0.6994572
flowing_flickr-4-0-8-9-4-3-1-1-4440894311_12.mp4,0.76035976,0.7200566
flowing_flickr-4-6-4-7-9-3-2-6-23446479326_1.mp4,0.7292803,0.6524865
flowing_flickr-5-5-2-3-5-9-4-2-8355235942_10.mp4,0.84292173,0.7367658
flowing_flickr-5-5-6-1-0-9-5-9-8655610959_53.mp4,0.7994885,0.6700709
flowing_flickr-5-9-9-1-7-8-0-9-8859917809_33.mp4,0.8369909,0.9379956
flowing_flickr-8-9-0-8-6-6-3-0-6089086630_4.mp4,0.7846357,0.70369434
flowing_flickr-9-4-6-4-8-1-4-2-22494648142_22.mp4,0.794228,0.79562557
flowing_flickr-9-7-1-3-2-0-9-6-19197132096_5.mp4,0.89350766,0.8922461
flying_0-1-4-5-3-3-4-5-8701453345.mp4,0.7693042,0.6623291
flying_6-7-0-8-8-7-1-2-9467088712.mp4,0.7316324,0.8225514
flying_7-5-4-9-6-3-3-9-3075496339.mp4,0.6803232,0.65305
flying_7-6-1-2-0-0-2-5-3776120025_25.mp4,0.70095736,0.6891607
flying_flickr-0-9-7-1-6-0-4-6-8009716046_24.mp4,0.8009772,0.6297833
flying_flickr-3-6-9-8168567369_1.mp4,0.7831033,0.7199987
flying_flickr-4-4-3-3-8-5-8-2-20444338582_8.mp4,0.7137665,0.6593609
flying_flickr-4-4-4-3-3-8-1-7-8044433817_30.mp4,0.6991313,0.68435717
flying_flickr-4-7-6-1-7-1-6-9-23847617169_22.mp4,0.77062076,0.7515242
flying_flickr-4-8-7-3-9-5-9-7-4448739597_18.mp4,0.6605426,0.517702
flying_flickr-5-1-8-5073808518_2.mp4,0.7439119,0.7002112
flying_flickr-5-5-1-2-1-3-7-2-3355121372_39.mp4,0.66932607,0.8393572
flying_flickr-7-2-8-0-9-5-5-4-24272809554_26.mp4,0.7672381,0.7987264
flying_flickr-7-6-1-8-4-7-3-8-2676184738_7.mp4,0.81177455,0.8281186
flying_flickr-7-8-1-4-4-4-1-6-25178144416_18.mp4,0.81379503,0.75434947
folding_meta-11479199_26.mp4,0.9656952,0.9780378
frying_6-4-4-8-8-6-2-5-8164488625.mp4,0.89187926,0.9326535
frying_7-2-3-4-0-4-6-7-3872340467.mp4,0.95394003,0.9352032
frying_flickr-7-9-1-5-3-9-0-2-4779153902_3.mp4,0.854372,0.8544283
frying_flickr-9-3-2-7-6-4-5-1-4593276451_14.mp4,0.9425702,0.9559885
frying_fuuHDPm_jqs_126.mp4,0.9241644,0.8690053
gardening_flickr-1-5-3-5-0-0-3-1-7115350031_11.mp4,0.7562298,0.6653349
giggling_flickr-5-4-4-9-3-0-2-2-4154493022_5.mp4,0.80454147,0.8049379
giving_flickr-6-5-1-5-5-5-6-8-4565155568_13.mp4,0.83713055,0.6449545
grilling_flickr-2-4-9-3-6-1-9-4-14024936194_35.mp4,0.954798,0.93446034
grilling_flickr-7-9-3-9-9-3-4-1-9079399341_8.mp4,0.9603856,0.95820117
guarding_flickr-44186868@N06-4060498954_27.mp4,0.8703992,0.89475
guarding_flickr-thelastdon-8656253413_20.mp4,0.85767746,0.8199326
handcuffing_flickr-75622296@N04-25542814374_91.mp4,0.93231785,0.95653933
handcuffing_flickr-75622296@N04-27814309555_40.mp4,0.934848,0.9685729
hanging_4-1-7-2-0-0-2-8-21341720028.mp4,0.7405269,0.7788303
hanging_flickr-0-6-4-5-1-8-1-2-8606451812_3.mp4,0.8738055,0.85387516
hanging_flickr-1-2-5-5-2-5-4-5-4712552545_9.mp4,0.7215192,0.82196724
hanging_flickr-1-7-0-8-4-0-3-2-9217084032_11.mp4,0.926273,0.9129298
hanging_flickr-4-1-3-8426688413_30.mp4,0.8652158,0.7679398
hanging_flickr-7-3-4-4-1-3-4-4-12473441344_4.mp4,0.90174264,0.95770526
hiking_flickr-0-0-3-2-1-9-9-0-2400321990_5.mp4,0.8266079,0.8561024
hiking_flickr-0-0-6-9-6-2-8-9-3800696289_7.mp4,0.85058206,0.9059185
hiking_flickr-0-0-8-0-8-0-6-4-21900808064_22.mp4,0.7898909,0.8510742
hiking_flickr-0-6-5-5-2-8-9-6-5006552896_5.mp4,0.824863,0.82165706
hiking_flickr-1-0-6-0-4-9-6-7-22510604967_1.mp4,0.81231594,0.79260874
hiking_flickr-1-3-4-1-0-3-2-7-4613410327_12.mp4,0.617345,0.5881659
hiking_flickr-1-5-8-6-8-2-5-3-5915868253_7.mp4,0.8738158,0.7902368
hiking_flickr-1-8-2-7-3-9-4-1-3418273941_1.mp4,0.78803736,0.7773666
hiking_flickr-2-7-6-3-1-1-6-5-8527631165_8.mp4,0.75301737,0.77342975
hiking_flickr-2-9-7-3-1-5-9-6-5329731596_38.mp4,0.8439613,0.7589739
hiking_flickr-4-7-7-5-1-1-1-3-4247751113_5.mp4,0.84195083,0.91142195
hiking_flickr-4-8-9-6-3-1-5-2-2448963152_5.mp4,0.90987825,0.90234995
hiking_flickr-4-9-9-2-7-7-5-8-6249927758_17.mp4,0.77078944,0.7632553
hiking_flickr-5-2-2-6-3-8-7-1-3852263871_2.mp4,0.87329537,0.8343088
hiking_flickr-5-2-4-4-4-5-4-5-2752444545_4.mp4,0.85569733,0.901297
hiking_flickr-5-5-3-0-8-3-0-0-2555308300_25.mp4,0.87253714,0.8137782
hiking_flickr-5-5-7-4-3-9-8-6-26355743986_1.mp4,0.83256453,0.83246464
hiking_flickr-5-8-5-3-5-4-7-7-4758535477_17.mp4,0.819156,0.8457822
hiking_flickr-6-2-9-2-6-3-0-5-2562926305_4.mp4,0.806685,0.6400144
hiking_flickr-6-8-2-3-6-5-0-0-5868236500_18.mp4,0.87862235,0.8162986
hiking_flickr-7-1-8-1-2-9-7-0-26171812970_4.mp4,0.73250794,0.66029745
hiking_flickr-7-4-2-0-5-7-0-3-12274205703_17.mp4,0.75202864,0.6636513
hiking_flickr-7-7-0-3-4-7-2-0-7477034720_19.mp4,0.84916526,0.8829355
hiking_flickr-8-5-7-7-4-9-2-9-6485774929_13.mp4,0.78216773,0.55388653
hiking_flickr-9-7-2-8-8-2-1-4-8197288214_5.mp4,0.874102,0.8825267
hitting_4-6-4-1-8-6-7-3-4046418673.mp4,0.787828,0.74074316
hitting_5-7-4-2626670574.mp4,0.8355684,0.8655552
hitting_7-2-5-2-4-9-1-1-3572524911.mp4,0.84730554,0.924281
hitting_flickr-1-5-1-7-1-5-9-4-20415171594_1.mp4,0.7483518,0.68517566
hitting_flickr-5-5-0-3-7-6-7-8-3755037678_73.mp4,0.79238874,0.79629207
hugging_flickr-2-4-1-6-4-7-6-4-25824164764_12.mp4,0.9051613,0.9058714
hunting_flickr-2-7-6-1-9-0-9-4-19027619094_31.mp4,0.8558198,0.753374
hunting_flickr-4-0-3-1-4-2-5-6-2940314256_24.mp4,0.88364464,0.95513934
imitating_flickr-4-6-3-6-6-6-1-8-5346366618_7.mp4,0.93632054,0.9775249
jogging_flickr-1-5-2-5-5-2-4-9-5115255249_1.mp4,0.89925975,0.8589076
joining_0-1-9-9-8-6-5-9-4701998659.mp4,0.8976076,0.8696032
joining_flickr-0-0-9-6402573009_23.mp4,0.8064483,0.8105972
joining_flickr-1-5-1-8-4-2-6-3-12015184263_4.mp4,0.78134316,0.8671085
joining_flickr-3-0-7-4295912307_7.mp4,0.75791925,0.7218259
joining_flickr-9-8-4-9-4-0-5-4-2698494054_5.mp4,0.9502127,0.92182446
juggling_flickr-5-6-9-0-2-4-7-0-2656902470_5.mp4,0.83747953,0.89586085
juggling_flickr-9-2-1-9-6-5-4-8-4492196548_17.mp4,0.8876739,0.84246665
juggling_flickr-9-8-6-9-5-9-4-4-13898695944_5.mp4,0.70552284,0.7857585
juggling_meta-723495_58.mp4,0.7802433,0.90120715
jumping_3-7-4-4658261374.mp4,0.865312,0.7995464
jumping_5-6-8-5-2-5-3-4-14756852534.mp4,0.80677426,0.7668696
jumping_flickr-0-8-4-4-4-0-2-2-9608444022_2.mp4,0.8133443,0.88371724
jumping_flickr-0-9-9-0-5-6-3-4-8609905634_4.mp4,0.8936489,0.7874335
jumping_flickr-2-7-1-3-6-7-0-2-4927136702_7.mp4,0.8389923,0.7806561
jumping_flickr-3-5-5-1-8-3-8-9-22835518389_3.mp4,0.8719912,0.7185047
jumping_flickr-4-1-5-1-5-0-6-2-5541515062_1.mp4,0.7813561,0.75657755
jumping_flickr-4-4-0-1-6-8-3-0-25944016830_14.mp4,0.75642926,0.89682615
jumping_flickr-4-7-4-2-1-4-5-0-20047421450_1.mp4,0.87275314,0.758743
jumping_flickr-6-0-8-5-7-0-9-7-4260857097_6.mp4,0.81913894,0.8433755
jumping_flickr-6-4-4-8-2-2-6-5-5364482265_5.mp4,0.80948126,0.8809194
jumping_flickr-7-7-5-0-3-5-6-3-6377503563_4.mp4,0.80533963,0.8244541
jumping_flickr-7-7-6-0-3-4-8-7-6977603487_5.mp4,0.89345175,0.8354693
jumping_flickr-8-9-4-9-6-6-6-4-2689496664_6.mp4,0.8085318,0.8131554
jumping_flickr-9-2-7-6-3-5-7-7-5892763577_2.mp4,0.7551745,0.8776494
kicking_flickr-8-2-1-3-1-1-8-2-2582131182_3.mp4,0.8791431,0.82068163
kissing_flickr-2-6-2-5-9-3-5-1-2526259351_10.mp4,0.8147825,0.8810579
kneeling_EbdJs2hxJ5I_65.mp4,0.9177194,0.94448763
knocking_flickr-1-5-1-2-5-2-2-5-2915125225_6.mp4,0.80479246,0.8198552
knocking_flickr-5-2-3-6-5-7-2-8-7252365728_17.mp4,0.79219913,0.7825338
landing_8-8-9-7-6-9-1-8-4488976918_21.mp4,0.7770722,0.72680485
landing_FNXaQpf26UA_22.mp4,0.8958774,0.7809096
landing_flickr-4-1-9-1-1-3-5-7-4941911357_46.mp4,0.73553807,0.77696306
landing_flickr-4-2-6-0-4-7-0-1-4042604701_3.mp4,0.76492035,0.7875905
landing_flickr-4-6-0-2-5-6-9-2-3546025692_10.mp4,0.81481016,0.845115
landing_flickr-4-7-4-7-3-7-1-7-14447473717_38.mp4,0.9402838,0.80629337
landing_flickr-5-7-9-0-9-0-8-1-8357909081_21.mp4,0.7472214,0.7304218
laughing_46DhzA9MsEg_75.mp4,0.8557261,0.94991225
laughing_fb80G5HM_t4_75.mp4,0.93005365,0.870647
laughing_flickr-0-5-8-8-9-2-4-4-3105889244_19.mp4,0.8381655,0.84003323
laughing_flickr-0-6-5-2-7-1-5-0-8006527150_7.mp4,0.8874403,0.94491607
laughing_flickr-0-8-6-1-5-3-1-6-2408615316_22.mp4,0.83216935,0.81260186
laughing_flickr-1-1-7-4-1-9-1-4-2711741914_35.mp4,0.84193367,0.8002269
laughing_flickr-2-4-6-7-2-4-0-6-4024672406_4.mp4,0.88243526,0.9188658
laughing_flickr-3-9-4-3-6-6-6-9-2639436669_4.mp4,0.8012509,0.8266493
laughing_flickr-5-0-0-6-9-9-6-0-19450069960_19.mp4,0.77169836,0.7470782
laughing_flickr-5-7-7-3-7-9-7-1-4457737971_33.mp4,0.7738439,0.81197053
laughing_flickr-7-2-3-1-9-3-4-5-5072319345_33.mp4,0.85214245,0.8626336
laughing_flickr-7-3-4-9005779734_5.mp4,0.8321178,0.6700081
laughing_flickr-7-9-1-6-6-6-8-9-2879166689_2.mp4,0.8627904,0.86224467
laughing_flickr-7-9-8-9-5-0-9-8-2879895098_28.mp4,0.81034523,0.764845
laughing_flickr-8-6-1-3-7-6-0-3-2586137603_18.mp4,0.8705916,0.82610303
leaking_flickr-3-7-1-7-7-0-5-3-24037177053_2.mp4,0.8317759,0.8815583
leaking_flickr-3-9-2-8573141392_11.mp4,0.86150324,0.86110675
leaking_flickr-5-4-6-8-0-4-2-3-4654680423_10.mp4,0.87994415,0.897239
leaking_flickr-6-3-5-12758820635_1.mp4,0.8119519,0.71807766
leaping_flickr-0-6-3-0-4-7-9-2-8106304792_2.mp4,0.9120332,0.8520742
licking_flickr-1-5-3-8-7-3-3-9-2715387339_1.mp4,0.8659831,0.9463656
licking_flickr-3-6-5-9-6-5-3-2-5236596532_1.mp4,0.82071835,0.7038005
licking_flickr-5-4-1-5-0-9-8-6-2554150986_83.mp4,0.81087905,0.88215554
licking_flickr-6-4-1-8-5-2-5-6-5364185256_42.mp4,0.85708386,0.8432585
lifting_4-2-2-7-1-8-4-2-3942271842.mp4,0.9392962,0.7732025
lifting_flickr-0-3-0-9-1-2-4-2-3303091242_8.mp4,0.8848938,0.89989924
lifting_flickr-4-1-0-8-7-0-2-0-5941087020_2.mp4,0.9007787,0.91074747
lifting_flickr-7-7-1-4-8-2-8-4-2977148284_3.mp4,0.91427237,0.92190015
loading_flickr-4-6-3-3-3-3-1-7-13946333317_5.mp4,0.879383,0.8503275
loading_flickr-7-6-7-4-1-9-7-3-15976741973_5.mp4,0.8146633,0.72069377
loading_flickr-8-6-2-4-3-7-2-8-5186243728_6.mp4,0.8982607,0.9445241
manicuring_bing-heavy_com_beauty_2017_04_top-best-manicure-set-kit-nails-trim-cuticle__25.mp4,0.95920485,0.96740526
manicuring_flickr-pamandben-3951833845_66.mp4,0.90722686,0.94230336
marching_6-6-3-9-0-1-5-8-15566390158.mp4,0.8102973,0.7706576
marching_K4p5X9gWQ34_133.mp4,0.8945351,0.9801037
marching_flickr-1-8-5-3-6-9-3-4-13118536934_72.mp4,0.68662024,0.8110901
marching_flickr-2-3-1-1-0-6-7-0-4123110670_62.mp4,0.75102425,0.71455264
marching_flickr-2-5-2-1-4-4-9-4-5025214494_33.mp4,0.8527711,0.8690317
marching_flickr-4-6-5-7-0-7-6-7-5546570767_3.mp4,0.80642414,0.8039888
marching_flickr-5-2-3-7-5-2-7-8-5552375278_3.mp4,0.79627067,0.81053054
marching_flickr-7-0-4-0-7-6-0-7-3770407607_5.mp4,0.8882338,0.84496087
marching_flickr-7-6-3-4-2-0-4-9-3576342049_1.mp4,0.80066013,0.7748328
marching_flickr-8-4-1-6-7-3-2-1-4784167321_18.mp4,0.8568257,0.93389577
marching_flickr-8-8-4-4-8-1-9-0-7288448190_24.mp4,0.816078,0.88209677
marching_flickr-9-4-0-7-2-3-0-3-4694072303_25.mp4,0.7944997,0.80350244
mowing_9-5-2-3-1-4-9-8-5695231498.mp4,0.840736,0.8533008
mowing_flickr-4-7-2-5-4-8-5-4-17947254854_1.mp4,0.8785608,0.91376483
mowing_flickr-8-0-9-3-2-4-1-4-2580932414_22.mp4,0.83252865,0.83442587
officiating_flickr-7-8-3-6-9-5-5-4-13678369554_1.mp4,0.8590556,0.6759705
officiating_mo1r_5c8Lhc_35.mp4,0.8196499,0.93269664
opening_flickr-1-6-5-4-8-1-5-8-3816548158_2.mp4,0.86955327,0.82482576
opening_flickr-3-4-7-3-3-3-3-9-6034733339_21.mp4,0.9546217,0.94023573
opening_flickr-9-5-4-2-1-6-4-6-5295421646_4.mp4,0.8053895,0.8005747
opening_flickr-9-9-1-2659541991_14.mp4,0.79792595,0.88656014
packaging_flickr-jena76-4855129978_5.mp4,0.87849396,0.8681419
packing_JfeN-yH8U10_3.mp4,0.90619224,0.9896597
packing_flickr-9-8-2-3-2-8-4-7-8898232847_34.mp4,0.8612052,0.9397989
painting_flickr-0-0-0-8-8-2-0-7-7000088207_21.mp4,0.90110916,0.95654976
painting_flickr-4-0-7-2-0-8-1-8-15840720818_18.mp4,0.8116583,0.70673674
painting_flickr-7-0-5-3-4-1-8-1-3970534181_13.mp4,0.9084024,0.92934704
painting_flickr-7-4-7-1-1-7-2-0-4974711720_67.mp4,0.9269989,0.8466584
parading_2-0-2-4229486202.mp4,0.8630448,0.8120202
parading_8-5-1-8140441851.mp4,0.84584373,0.7358936
parading_flickr-1-1-5-9-0-7-9-1-3411590791_19.mp4,0.85095656,0.8592347
parading_flickr-1-5-5-8175821155_17.mp4,0.89142114,0.8838201
paying_edCluXW6R3c_18.mp4,0.8700581,0.90807277
pedaling_9-9-9-5-9-1-7-9-8999959179.mp4,0.80472606,0.76077616
pedaling_flickr-1-0-0-6-0-4-1-4-14810060414_19.mp4,0.8211763,0.7202798
pedaling_flickr-3-5-3-2556713353_10.mp4,0.80947447,0.7003825
pedaling_flickr-6-0-9-1-7-5-7-8-4360917578_5.mp4,0.75026447,0.6752364
performing_0-7-8-6976045078.mp4,0.8104755,0.7772713
performing_4-0-3-4-9-9-9-8-7540349998.mp4,0.81966996,0.83465683
performing_4-0-4-5-5-3-2-9-8540455329.mp4,0.7443109,0.65003866
performing_5-3-3-5-6-0-6-6-7653356066.mp4,0.7777428,0.7002502
performing_5895931896.mp4,0.8495836,0.9247366
performing_7-3-6-2751599736.mp4,0.8014678,0.8686265
performing_8251344004.mp4,0.8829212,0.8007147
performing_flickr-0-0-7-3-4-1-0-5-14800734105_9.mp4,0.662872,0.7355123
performing_flickr-0-2-4-10068302024_31.mp4,0.766808,0.8987807
performing_flickr-0-3-2-5-1-8-3-2-2403251832_26.mp4,0.8463945,0.7939639
performing_flickr-0-5-7-9-3-2-1-4-13805793214_11.mp4,0.80394316,0.80476695
performing_flickr-1-0-7-7-9-3-0-3-4410779303_5.mp4,0.7305214,0.7755417
performing_flickr-2-3-1-2-9-5-4-4-14523129544_64.mp4,0.7958746,0.77066565
performing_flickr-2-8-5-3-4-3-7-1-6828534371_53.mp4,0.81347144,0.7319351
performing_flickr-3-5-2-3-9-1-9-6-14335239196_26.mp4,0.72034776,0.66122043
performing_flickr-3-5-6-4716278356_4.mp4,0.84685546,0.8105697
performing_flickr-4-0-3-6781204403_5.mp4,0.8956047,0.7728228
performing_flickr-4-7-5-8161651475_4.mp4,0.90101266,0.8972606
performing_flickr-6-3-4-6220553634_15.mp4,0.885986,0.85275555
performing_flickr-6-4-5-9-0-9-2-5-11864590925_1.mp4,0.8525534,0.86148757
performing_flickr-6-8-8-5-9-5-8-1-14568859581_14.mp4,0.814731,0.8798808
performing_flickr-6-8-9-3-3-6-4-3-10368933643_18.mp4,0.8394374,0.8046324
performing_flickr-7-6-2-0-8-1-0-3-12976208103_4.mp4,0.8647619,0.7382376
photographing_3-3-5-8-6-9-8-3-5733586983.mp4,0.9517545,0.8907287
photographing_4-3-4-2-3-4-9-1-5643423491.mp4,0.94100416,0.8390259
photographing_flickr-5-2-5-6-8-7-6-3-2952568763_8.mp4,0.7151691,0.5403974
photographing_flickr-9-8-1-0-4-2-9-8-6198104298_23.mp4,0.9596912,0.85970217
picking_0-2-5-0-7-5-7-1-3402507571.mp4,0.8832541,0.85557204
picking_flickr-6-6-2-4-4-0-3-5-10966244035_34.mp4,0.8765902,0.8368407
piloting_flickr-eagledriverwanted-5261541036_34.mp4,0.8244923,0.78118086
pitching_flickr-7-1-0-4-6-6-8-5-2471046685_1.mp4,0.737028,0.79516923
pitching_flickr-8-1-1-5-8-1-8-8-2481158188_1.mp4,0.7171347,0.718175
pitching_flickr-8-2-3-7-6-2-0-7-2482376207_2.mp4,0.7111499,0.63183296
playing_5-4-5-4-1-8-6-5-8254541865_29.mp4,0.85826224,0.8429021
playing_5-8-5-4-0-9-4-5-5558540945_4.mp4,0.6797918,0.76546246
playing_6-7-6-3102002676.mp4,0.82736504,0.81009924
playing_7-2-2-9-5-8-2-3-3572295823_4.mp4,0.865606,0.8554186
playing_7-2-8-5-8-2-8-6-2772858286_1.mp4,0.7325519,0.68818694
playing_7-7-8-0-4-4-6-4-3277804464_6.mp4,0.7398723,0.54797435
playing_7-9-0-9-0-6-6-3-2879090663_41.mp4,0.89828926,0.94588697
playing_LdZHWrQN-is_298.mp4,0.95215225,0.9313341
playing_avYNm9Hk7RE_79.mp4,0.9635175,0.9896273
playing_doFNQIfPiWM_290.mp4,0.9703049,0.9669919
playing_flickr-1-2-5-9772502125_1.mp4,0.8981405,0.87212276
playing_flickr-1-7-9-8-1-8-5-4-5017981854_37.mp4,0.7831199,0.67062324
playing_flickr-3-6-5-3-3-4-4-5-23036533445_20.mp4,0.93564254,0.9888614
playing_flickr-3-9-5-3668296395_18.mp4,0.87043786,0.8496033
playing_flickr-4-0-0-9-6-6-4-0-3740096640_1.mp4,0.7773182,0.6621267
playing_flickr-4-0-5-3-3-4-4-6-2540533446_6.mp4,0.8381278,0.8055048
playing_flickr-4-2-5-9-6-5-4-7-4042596547_9.mp4,0.92771596,0.9250745
playing_flickr-4-4-1-7-6-4-9-8-4444176498_12.mp4,0.9279773,0.9190055
playing_flickr-4-5-6-7-3-4-9-9-15845673499_71.mp4,0.87121636,0.86265993
playing_flickr-4-8-8-8-0-8-3-1-15148880831_45.mp4,0.728061,0.6800875
playing_flickr-5-4-2-4-2-7-3-7-5754242737_21.mp4,0.89289355,0.78129876
playing_flickr-5-4-2-9-4-6-7-1-2554294671_2.mp4,0.8163852,0.8350521
playing_flickr-5-6-3-4060009563_8.mp4,0.7313967,0.74937254
playing_flickr-7-2-1-1-9-9-3-3-3672119933_44.mp4,0.7432828,0.714268
playing_flickr-7-2-2-7-8-7-4-8-3472278748_33.mp4,0.84656096,0.75600606
playing_flickr-7-3-0-7-2-3-6-1-5773072361_34.mp4,0.8398564,0.85934436
playing_flickr-7-4-4-9-1-4-5-9-4474491459_26.mp4,0.8839158,0.96884817
playing_flickr-7-4-7-6-4-6-7-6-4174764676_2.mp4,0.8086606,0.72097474
playing_flickr-7-5-3-7-5-4-8-4-24275375484_53.mp4,0.9239835,0.86696815
playing_flickr-7-5-7-5-6-3-2-1-5275756321_13.mp4,0.8286805,0.74031645
playing_flickr-7-6-6-0-0-4-8-2-7576600482_19.mp4,0.8666465,0.8322956
playing_flickr-7-6-8-6-8-0-1-4-4776868014_18.mp4,0.90181535,0.862517
playing_flickr-7-7-1-9-1-6-1-7-2777191617_17.mp4,0.83471334,0.8518349
playing_flickr-7-7-6-9-0-4-6-9-6077690469_72.mp4,0.79710585,0.816557
playing_flickr-7-7-9-3-3-5-1-0-8377933510_7.mp4,0.9137728,0.8726164
playing_flickr-7-8-6-4-2-0-5-4-19878642054_49.mp4,0.82147324,0.6625365
playing_flickr-7-9-2-8-1-5-5-0-7579281550_84.mp4,0.86050105,0.91207117
pouring_1-6-4-5855539164.mp4,0.7574651,0.74332905
pouring_2-8-4-4329235284.mp4,0.9255535,0.9163246
pouring_5-4-2-6-1-5-0-7-5654261507.mp4,0.7693803,0.6420607
pouring_flickr-1-6-1-8-6-7-7-5-18716186775_9.mp4,0.8690819,0.8289212
pouring_flickr-7-9-0-7-8-8-2-4-4879078824_7.mp4,0.8102556,0.7322125
pouring_flickr-9-2-5-0-9-1-4-3-2792509143_2.mp4,0.7274695,0.7129132
pouring_flickr-9-3-2-3344704932_20.mp4,0.87579685,0.8642249
preaching_flickr-8-8-5-8-5-5-5-2-7388585552_54.mp4,0.90632147,0.8798147
pressing_flickr-3-4-8-5-0-0-2-8-3434850028_7.mp4,0.9193171,0.89399666
pressing_flickr-3-8-5-7-5-9-3-9-16038575939_43.mp4,0.93131787,0.73932606
protesting_flickr-6-1-0-2-7-5-5-5-9961027555_71.mp4,0.8660668,0.80679995
protesting_flickr-6-2-0-4-3-3-4-8-18262043348_5.mp4,0.84128684,0.84891766
pulling_1-1-5-6-1-6-5-2-2811561652.mp4,0.8362008,0.88706934
pulling_flickr-0-6-8-9-8-9-8-4-12006898984_59.mp4,0.8486691,0.7502059
pulling_flickr-2-5-9-8648771259_13.mp4,0.93784696,0.84664136
pulling_flickr-4-1-2-8-4-2-8-1-5341284281_21.mp4,0.84306645,0.86486983
pulling_flickr-4-9-6-9737299496_2.mp4,0.9117058,0.9105429
pulling_flickr-6-7-3-3-7-9-8-1-3467337981_9.mp4,0.91370374,0.97855026
pushing_flickr-2-6-1-8-7-6-5-8-8226187658_7.mp4,0.8558191,0.82046646
pushing_flickr-8-6-9-6417563869_8.mp4,0.85755605,0.8032825
pushing_flickr-8-9-8-9-8-2-3-2-2589898232_1.mp4,0.85167986,0.8753782
putting_flickr-0-4-7-4-3-5-2-3-16004743523_7.mp4,0.9362169,0.8413153
queuing_YRcRkYSUWEM_152.mp4,0.9030225,0.9186524
racing_4-3-2-5-6-0-6-5-6043256065_2.mp4,0.8823085,0.80212504
racing_5-0-6-7-7-5-7-6-14950677576_1.mp4,0.77344334,0.8242554
racing_flickr-0-6-4-0-2-6-2-0-2606402620_21.mp4,0.8051595,0.7280587
racing_flickr-1-1-3-8-0-3-2-3-4511380323_8.mp4,0.7673109,0.69198316
racing_flickr-1-1-6-0-3-3-7-6-2711603376_1.mp4,0.7625402,0.64330614
racing_flickr-1-4-0-2-9-9-3-6-6114029936_15.mp4,0.75183,0.6662305
racing_flickr-1-4-5-7-8-3-8-8-5914578388_15.mp4,0.9266934,0.9545722
racing_flickr-1-6-9-1-3-8-5-8-2916913858_4.mp4,0.807103,0.7805727
racing_flickr-2-2-1-3-4-2-3-7-4922134237_14.mp4,0.7853283,0.84123975
racing_flickr-2-3-8-1-5-8-3-8-3623815838_6.mp4,0.6404461,0.38974357
racing_flickr-4-9-2-9-2-6-3-6-22649292636_29.mp4,0.8012196,0.7582799
racing_flickr-5-0-7-9-3-4-0-2-5950793402_59.mp4,0.65864307,0.73337036
racing_flickr-5-1-4-9-7-2-6-6-4051497266_4.mp4,0.8225853,0.92332655
racing_flickr-5-5-3-9-6-8-0-4-5255396804_31.mp4,0.7491197,0.83109766
racing_flickr-5-5-8-5-1-0-1-9-16055851019_69.mp4,0.7063637,0.58437276
racing_flickr-6-1-2-9-1-5-0-5-11861291505_9.mp4,0.8433599,0.91174185
racing_flickr-6-2-4-1-1-9-9-2-3662411992_14.mp4,0.77875674,0.89669305
racing_flickr-6-3-7-0-3-4-1-2-24663703412_19.mp4,0.8103111,0.7074783
racing_flickr-7-2-0-7-7-3-4-8-6072077348_1.mp4,0.81624854,0.7771101
racing_flickr-7-6-1-3-1-9-9-6-7876131996_9.mp4,0.7544615,0.61793256
racing_flickr-8-5-8-4-7-1-6-8-3585847168_5.mp4,0.79655176,0.7970085
racing_flickr-9-5-3-7-3-0-4-0-15195373040_15.mp4,0.8625107,0.8999183
rafting_flickr-0-3-4-7-1-6-5-6-23203471656_8.mp4,0.8126196,0.71839905
rafting_flickr-0-4-4-0-8-6-8-7-3704408687_13.mp4,0.86787355,0.7753719
rafting_flickr-0-8-2-2-5-7-1-5-6008225715_7.mp4,0.742068,0.7213764
rafting_flickr-0-8-5-2-4-8-6-4-4908524864_8.mp4,0.6996653,0.56694454
rafting_flickr-2-9-7-1-2-4-3-2-14429712432_1.mp4,0.86795044,0.87647265
rafting_flickr-3-5-8-5-2-6-4-3-22735852643_42.mp4,0.7949138,0.7184024
rafting_flickr-5-8-1-2-8-9-8-3-3958128983_59.mp4,0.7082633,0.64681375
rafting_flickr-6-4-1-7-5-4-8-9-5964175489_33.mp4,0.8565198,0.8388388
rafting_flickr-7-6-6-2-2-9-9-5-24876622995_38.mp4,0.7812475,0.7480438
raining_flickr-6-9-5-6059943695_18.mp4,0.7089123,0.6683863
raising_8-5-8-7-0-9-7-7-8385870977_2.mp4,0.7300892,0.71439606
raising_flickr-0-0-1-3-2-7-3-4-9500132734_2.mp4,0.8658962,0.94514036
raising_flickr-0-2-4-5-1-7-7-2-15002451772_20.mp4,0.877307,0.8440078
raising_flickr-1-2-1-9-7-6-0-7-4312197607_16.mp4,0.8806635,0.9233878
raising_flickr-6-0-3-8-3-5-2-8-7960383528_44.mp4,0.7476162,0.73559475
raising_flickr-6-6-9-8-3-4-2-1-20466983421_6.mp4,0.8987971,0.9585309
raising_flickr-6-8-3-2780351683_3.mp4,0.76891553,0.7272236
reaching_flickr-7-6-2-7-2-1-8-7-16476272187_24.mp4,0.81808656,0.8156346
reaching_flickr-9-3-7-5-6-9-0-0-5393756900_20.mp4,0.7558498,0.7139094
reaching_nOt2RiZmv2k_44.mp4,0.88923407,0.8813471
reading_flickr-0-3-0-8-9-6-1-5-8903089615_29.mp4,0.8438709,0.7397734
reading_flickr-7-1-3-7-4-0-5-1-6871374051_16.mp4,0.91099286,0.8066503
reading_flickr-7-6-7-5-3-1-3-2-21876753132_5.mp4,0.928277,0.8950928
reading_flickr-7-8-0-2-4-7-2-6-24478024726_43.mp4,0.83179206,0.7323668
reading_flickr-8-0-3-7-9-1-3-7-4280379137_67.mp4,0.88447344,0.8943076
reading_flickr-8-0-6-3-6-1-2-3-6080636123_33.mp4,0.8760288,0.81361115
resting_flickr-6-0-6-0-2-3-6-9-9360602369_58.mp4,0.8576078,0.8368661
resting_flickr-8-8-7-4-4-9-5-6-3988744956_21.mp4,0.86777127,0.8260834
resting_flickr-9-2-9-3-5-3-1-3-3692935313_62.mp4,0.80625874,0.6847164
riding_1-5-4-5-7-7-6-0-18715457760.mp4,0.8400043,0.8422696
riding_3-2-7-5678404327.mp4,0.76215106,0.6911201
riding_4-2-0-9-5-5-0-3-5842095503_24.mp4,0.7500952,0.682213
riding_7-3-8-3310576738.mp4,0.828496,0.8554558
riding_7-8-4-4-0-9-0-9-3778440909.mp4,0.8638529,0.9206685
riding_8-9-5-3-1-4-9-6-4989531496.mp4,0.7342605,0.7338771
riding_flickr-0-1-7-7-3-6-5-5-20201773655_4.mp4,0.8867894,0.8151055
riding_flickr-0-5-8-4899813058_1.mp4,0.8735429,0.9370322
riding_flickr-0-8-6-7264391086_18.mp4,0.7580849,0.7888624
riding_flickr-0-9-6-6-8-1-7-7-14609668177_16.mp4,0.8480645,0.9106576
riding_flickr-2-2-6-2-7-5-7-8-2922627578_43.mp4,0.8021347,0.7766009
riding_flickr-2-2-7-5-6-9-3-4-20422756934_32.mp4,0.8108441,0.7611394
riding_flickr-2-7-5-9-7-5-3-9-3327597539_63.mp4,0.88408196,0.80337244
riding_flickr-4-0-1-6-2-7-4-6-7640162746_3.mp4,0.8797309,0.7574043
riding_flickr-4-4-1-6865950441_11.mp4,0.7529247,0.83458287
riding_flickr-4-6-3-6-9-4-2-1-5946369421_12.mp4,0.8068129,0.78444463
riding_flickr-4-7-1-6-4-7-8-4-7247164784_6.mp4,0.823475,0.77539164
riding_flickr-5-0-9-4-6-3-4-4-2950946344_14.mp4,0.80368465,0.86872584
riding_flickr-5-5-7-5-6-2-7-1-2555756271_11.mp4,0.88289416,0.868875
riding_flickr-5-6-4-1-2-2-9-3-9056412293_29.mp4,0.82458746,0.6643282
riding_flickr-6-9-3-4-6-8-4-9-14969346849_8.mp4,0.79889345,0.8909906
riding_flickr-7-0-4-0-7-1-5-2-17370407152_4.mp4,0.84663385,0.82032573
riding_flickr-7-0-7-6-5-0-4-2-5870765042_1.mp4,0.82717013,0.8721746
riding_flickr-7-1-2-4-9-4-8-1-15271249481_11.mp4,0.84545237,0.8228593
riding_flickr-7-1-7-1-1-5-2-1-19371711521_15.mp4,0.73348033,0.6078764
riding_flickr-8-0-4-9-9-9-3-8-3980499938_8.mp4,0.7955758,0.6690521
riding_flickr-8-4-0-0-6-2-0-8-15384006208_15.mp4,0.80144584,0.7108081
riding_flickr-8-5-3-8-1-3-5-4-4985381354_19.mp4,0.82159346,0.7692941
riding_flickr-9-0-9-1-0-1-8-5-2890910185_16.mp4,0.84735227,0.7662544
riding_flickr-9-2-0-0-0-9-5-6-7592000956_13.mp4,0.7804507,0.8301746
riding_gS4IrVKHkKI_101.mp4,0.90555245,0.92948246
rising_flickr-1-8-5-9-2-5-2-9-14218592529_39.mp4,0.81675005,0.85737
rising_flickr-5-0-2-9-7-0-1-5-6150297015_7.mp4,0.85377425,0.9079171
roaring_flickr-corriespondent-6367558929_33.mp4,0.7773472,0.6253649
roaring_flickr-ellenich-3144310431_2.mp4,0.86814266,0.95992756
rocking_flickr-0-2-4-0-5-8-4-6-5602405846_4.mp4,0.8178275,0.8038212
rocking_flickr-1-2-1-9-9-7-7-4-2712199774_34.mp4,0.83304256,0.7997934
rocking_flickr-2-3-6-3-6-9-8-2-5523636982_23.mp4,0.83825916,0.8097043
rocking_flickr-8-9-2-9-6-3-0-9-3889296309_27.mp4,0.8604494,0.8918559
rolling_4-8-0-0-6-9-7-2-3448006972_84.mp4,0.8247352,0.81137776
rolling_flickr-0-5-6-9-8-9-1-3-3105698913_9.mp4,0.90577847,0.79690516
rolling_flickr-1-4-9-3-1-2-1-3-9014931213_4.mp4,0.77931565,0.9107478
rolling_flickr-4-4-0-3-3-2-2-8-3244033228_53.mp4,0.830536,0.927267
rolling_flickr-7-9-1-4-5-5-4-5-10579145545_13.mp4,0.83308387,0.7228336
rolling_flickr-8-0-4-3-2-1-2-7-3480432127_7.mp4,0.93505037,0.9303487
rolling_flickr-8-7-0-9-5-0-8-9-4087095089_39.mp4,0.84636486,0.94621295
rolling_flickr-8-7-5-8-4-5-0-1-5587584501_74.mp4,0.9125463,0.87945855
rolling_flickr-9-8-3-6-5-8-3-2-3798365832_1.mp4,0.9070617,0.9556488
rowing_flickr-0-1-3-2-9-9-1-1-4101329911_12.mp4,0.6496418,0.7242543
rowing_flickr-0-7-8-4-8-0-8-7-2507848087_3.mp4,0.79274756,0.8383882
rowing_flickr-2-4-2-6-9-1-3-5-4124269135_3.mp4,0.78347826,0.86556137
rowing_flickr-2-8-9-0-6-4-4-8-4528906448_3.mp4,0.77111703,0.72536635
rowing_flickr-5-4-4-4-2-9-5-6-14454442956_18.mp4,0.7359983,0.8580675
rubbing_flickr-7-3-5-5-9-2-6-7-6373559267_2.mp4,0.7387933,0.7371847
rubbing_flickr-8-4-1-7-9-0-8-1-23784179081_21.mp4,0.910692,0.9322097
running_4-2-3-0-7-4-5-5-6942307455.mp4,0.8417581,0.81965303
running_5-4-1-1-4-1-8-6-3354114186.mp4,0.7507832,0.54622895
running_6-6-4-9060589664.mp4,0.6827482,0.6500151
running_C_JWtItYKpY_35.mp4,0.8389224,0.732452
running_flickr-1-6-0-8-5-3-4-7-3016085347_3.mp4,0.7092965,0.7066861
running_flickr-3-0-5-10284757305_9.mp4,0.80124795,0.76273406
running_flickr-4-2-4-0-9-0-5-6-17342409056_7.mp4,0.85051525,0.6858414
running_flickr-4-7-6-5-5-4-8-5-4847655485_9.mp4,0.87773407,0.84200394
running_flickr-5-0-0-3-0-1-3-1-4550030131_14.mp4,0.8369381,0.8758529
running_flickr-7-5-0-9-9-8-9-1-8675099891_2.mp4,0.85319054,0.7078652
sawing_meta-2077375_64.mp4,0.9353252,0.92375
scratching_flickr-6-3-0-2-0-5-4-6-6163020546_34.mp4,0.9395862,0.8652254
selling_5-6-9-5331044569.mp4,0.8548763,0.8261215
selling_flickr-8-4-4-5-1-9-8-8-19984451988_4.mp4,0.9398252,0.9569252
serving_4-2-4-2413196424.mp4,0.8358984,0.8457196
sewing_bing-www_facebook_com_sewwhatalicia_videos_1148889631878967__612.mp4,0.96130514,0.92693055
sewing_flickr-5-6-5-9-6-6-9-8-4056596698_27.mp4,0.94223636,0.97668767
shaking_flickr-0-3-5-3-4-3-8-5-2603534385_3.mp4,0.8592848,0.76210773
shaking_flickr-0-9-0-6-5-0-6-5-11109065065_48.mp4,0.83681947,0.8887978
shaking_flickr-3-2-3-0-2-7-5-9-4832302759_61.mp4,0.8991585,0.8651792
shaking_flickr-3-4-8-2-2-9-3-3-5734822933_62.mp4,0.8158896,0.86532015
shaking_flickr-6-3-1-3-9-1-9-6-22363139196_28.mp4,0.904112,0.9414089
shaking_flickr-7-4-2-6-6-4-5-5-5774266455_22.mp4,0.7685827,0.8079604
shaving_flickr-1-3-8-8-7-5-6-3-4113887563_29.mp4,0.8689671,0.9297222
shaving_flickr-9-4-9-2-0-2-0-0-5894920200_1.mp4,0.93004304,1.0
shooting_0-3-1-9-2-3-2-8-4003192328.mp4,0.9440441,0.9160166
shooting_1-5-6-6-9-7-3-9-23915669739.mp4,0.906404,0.96154076
shooting_5-3-0-5-2-8-8-9-4153052889.mp4,0.9330844,0.94482434
shooting_6-8-9-3882771689.mp4,0.94214344,0.9026001
shooting_flickr-0-1-9-8-8-8-5-4-3301988854_5.mp4,0.8800589,0.8425525
shooting_flickr-0-3-5-5-6-5-7-0-26103556570_2.mp4,0.8624633,0.7933452
shooting_flickr-0-7-7-6-1-3-4-5-5607761345_11.mp4,0.8362042,0.81594384
shooting_flickr-1-1-3-3-9-6-3-9-8711339639_11.mp4,0.89514136,0.9671821
shooting_flickr-1-4-6-8-2-4-9-6-5714682496_35.mp4,0.8218551,0.8124209
shooting_flickr-1-9-3-2-4-2-6-4-8219324264_2.mp4,0.9076197,0.88977003
shooting_flickr-3-0-1-4-4-8-3-9-4130144839_1.mp4,0.9391296,0.9443659
shooting_flickr-3-0-6-7390754306_11.mp4,0.91259253,0.89703876
shooting_flickr-3-6-8-3-4-7-1-9-6936834719_2.mp4,0.9396637,0.950616
shooting_flickr-5-1-1-8-0-0-0-3-19651180003_6.mp4,0.89908934,0.79111105
shooting_flickr-5-4-1-7-5-1-2-0-8354175120_31.mp4,0.7982949,0.9385902
shooting_flickr-5-5-3-4-2-2-6-2-3955342262_69.mp4,0.9208255,0.9306238
shooting_flickr-7-1-2-2-7-7-6-2-4871227762_2.mp4,0.8901293,0.8113385
shooting_flickr-7-4-4-4-9-9-6-8-2574449968_15.mp4,0.8154158,0.9023093
shooting_flickr-8-2-5-5-4-4-1-1-4182554411_36.mp4,0.88088924,0.87769336
shopping_flickr-1-1-1-8-3-2-6-3-18511183263_37.mp4,0.86146307,0.8291491
shopping_flickr-2-6-7-9-2-6-2-4-3426792624_3.mp4,0.88536507,0.94099754
shopping_flickr-3-1-9-5-9-0-3-5-10731959035_1.mp4,0.8729682,0.8958416
shopping_flickr-9-0-7-2399280907_2.mp4,0.92509264,0.95021874
shopping_flickr-9-4-0-6-4-7-4-5-4794064745_8.mp4,0.94938755,0.92713445
shouting_8-1-7-7122810817.mp4,0.7798696,0.6683043
shouting_FM4TLixKSpY_55.mp4,0.7850678,0.6197671
shouting_KKC1Wf5lwFY_255.mp4,0.84088045,0.8355714
shouting_flickr-1-4-6-5204310146_7.mp4,0.75345755,0.7723917
shouting_flickr-8-9-9-9-8-7-9-4-4189998794_37.mp4,0.8636275,0.774082
shouting_vwWxJdwXke4_105.mp4,0.76658154,0.7568664
shoveling_meta-68944_1.mp4,0.7932021,0.7845209
shredding_flickr-8-6-3-0-0-6-4-4-11986300644_19.mp4,0.8041912,0.87130094
signing_0-2-2-0-6-0-9-5-3402206095_83.mp4,0.75197434,0.715439
signing_oAMeawcKW3A_539.mp4,0.92666835,0.9142656
singing_0-6-2-3567519062.mp4,0.69452596,0.5346256
singing_0-8-0-3-4-4-7-1-8708034471.mp4,0.82585514,0.7639517
singing_0-x2Z2XU-68_35.mp4,0.8222369,0.89447325
singing_0F4wzpn0kTk_35.mp4,0.9067889,0.8506194
singing_0OVYmwMMoaY_85.mp4,0.8028691,0.7736099
singing_0XxXJcdf_zk_35.mp4,0.9298479,0.9354545
singing_1EpqwIP4f0Y_155.mp4,0.91013336,0.9137381
singing_1U-I_vjPj70_35.mp4,0.8868519,0.7677284
singing_1wWUaihf7Uw_255.mp4,0.9033201,0.84129965
singing_3-4-9-7-7-8-4-3-5234977843.mp4,0.8334567,0.8696661
singing_4-2-6-4-6-4-7-4-4042646474_1.mp4,0.5679574,0.65610033
singing_4618668354.mp4,0.76900226,0.79704803
singing_5-5-8-0-7-7-2-5-2555807725.mp4,0.71405894,0.6989186
singing_5-9-5-8-4-8-8-4-22759584884.mp4,0.69844675,0.7738051
singing_5434932262.mp4,0.7367963,0.661242
singing_7-4-8-5779543748.mp4,0.8491588,0.65550774
singing_7-5-1-4-4-3-6-5-18775144365_7.mp4,0.8278467,0.70105165
singing_7-6-8-5076004768.mp4,0.9148463,0.8768122
singing_8-9-2-3707505892.mp4,0.8497635,0.8749481
singing_flickr-0-9-0-0-8-5-6-6-14609008566_31.mp4,0.84041893,0.7638427
singing_flickr-4-0-7-8-6-7-1-7-4340786717_25.mp4,0.85437465,0.82687825
singing_flickr-4-3-4-7-1-4-5-0-2643471450_6.mp4,0.8444806,0.7623085
singing_flickr-4-4-6-0-7-0-7-4-18344607074_27.mp4,0.80053365,0.68189377
singing_flickr-4-6-9-2-8-8-7-2-7846928872_52.mp4,0.84731966,0.6504239
singing_flickr-4-7-1-9-6-7-5-2-6847196752_13.mp4,0.89199334,0.867643
singing_flickr-5-2-8-5-4-6-7-3-11552854673_35.mp4,0.8424499,0.84660304
singing_flickr-5-4-0-8-7-5-4-9-18754087549_163.mp4,0.8424308,0.77041614
singing_flickr-5-4-1-5-0-6-5-5-10054150655_24.mp4,0.9542597,0.91231966
singing_flickr-5-5-2-9-5-6-6-1-3355295661_1.mp4,0.6484554,0.70628625
singing_flickr-5-5-8-0-3-2-0-2-8655803202_17.mp4,0.88189524,0.8770282
singing_flickr-5-6-4-7-3-2-3-5-2856473235_13.mp4,0.82878846,0.8580118
singing_flickr-5-6-6-8-4-5-3-9-4256684539_22.mp4,0.84780234,0.82734495
singing_flickr-5-6-8-1-2-1-0-4-25756812104_1.mp4,0.8433551,0.6498317
singing_flickr-5-9-5-3-8-3-5-9-9659538359_26.mp4,0.87353146,0.89011735
singing_flickr-5-9-7-8-9-5-6-2-15959789562_165.mp4,0.92987293,0.9239941
singing_flickr-6-7-8-5-9-9-8-5-4167859985_5.mp4,0.8519243,0.81589496
singing_flickr-7-0-5-6-8-9-6-7-3770568967_46.mp4,0.8486584,0.8641198
singing_flickr-7-5-0-0-9-4-6-7-5575009467_25.mp4,0.8096326,0.73067206
singing_flickr-7-6-9-1-9-1-2-0-24676919120_47.mp4,0.907497,0.9345196
singing_flickr-7-9-9-9-0-9-4-8-3779990948_37.mp4,0.86004317,0.9313645
singing_flickr-8-0-3-6-3-2-6-9-14880363269_128.mp4,0.894956,0.81648326
sitting_0-4-5-3-2-4-0-8-3604532408.mp4,0.85183597,0.8384269
sitting_0-5-5-7-0-3-9-6-4205570396.mp4,0.8329077,0.87839085
sitting_0-7-8-0-9-4-1-5-3407809415.mp4,0.8721392,0.8471461
sitting_0-8-7-7-9-6-5-5-6508779655.mp4,0.86615336,0.77993006
sitting_0-9-5-2403589095.mp4,0.8804122,0.636812
sitting_1-2-2-8-3-8-1-2-26012283812.mp4,0.79030836,0.826372
sitting_1-9-1-1-2-6-7-5-5319112675.mp4,0.7418054,0.9002359
sitting_1-9-6-4676890196.mp4,0.84406507,0.7740775
sitting_3-0-6-6-6-3-7-0-2930666370.mp4,0.84329486,0.7749277
sitting_3-3-5-3-1-7-1-3-14333531713.mp4,0.7870809,0.7105467
sitting_3-9-6-4182092396.mp4,0.79067135,0.84628296
sitting_4-0-4-0-7-2-7-2-8740407272.mp4,0.75328606,0.6229995
sitting_4-6-1-8-1-0-3-8-7346181038.mp4,0.87334955,0.8413084
sitting_5-2-4-7917916524.mp4,0.7974428,0.82734114
sitting_5-7-8-3131725578.mp4,0.7520761,0.74544
sitting_5-8-4-12300485584.mp4,0.7267584,0.6543456
sitting_6-2-8-6-3-1-2-7-5562863127.mp4,0.7848749,0.8076285
sitting_6-4-0-3120731640.mp4,0.9048726,0.9671845
sitting_6-7-4-14034778674.mp4,0.77191865,0.6190418
sitting_7-0-4-9-8-2-9-4-7270498294.mp4,0.835157,0.65569717
sitting_7-2-4-9338219724.mp4,0.79876196,0.77348363
sitting_7-2-5-3-2-1-6-1-3472532161.mp4,0.9373354,0.8814537
sitting_7-2-9-5-3-5-1-6-5172953516.mp4,0.8287416,0.75737417
sitting_7-5-2-4657425752.mp4,0.8315076,0.83737975
sitting_8-9-0-8069655890.mp4,0.8575192,0.83491594
sitting_9JKWCn6jOuA_217.mp4,0.85721666,0.8034602
sitting_flickr-0-0-0-6-1-2-8-5-2400061285_16.mp4,0.7499892,0.83302194
sitting_flickr-0-6-7-9-9-5-8-3-4506799583_1.mp4,0.8718815,0.9236487
sitting_flickr-0-9-9-6-5-4-6-5-7109965465_19.mp4,0.8977545,0.738928
sitting_flickr-2-1-6-9-4-5-3-5-16621694535_5.mp4,0.91236156,0.9203863
sitting_flickr-2-4-0-0-1-8-0-5-3024001805_4.mp4,0.8721615,0.921589
sitting_flickr-3-3-6-6-5-7-2-5-4333665725_40.mp4,0.8516091,0.8602909
sitting_flickr-3-6-4-3-6-2-0-1-6936436201_8.mp4,0.84644103,0.86108464
sitting_flickr-3-7-4-2550127374_17.mp4,0.81913966,0.7426587
sitting_flickr-3-8-0-1-8-9-0-9-16438018909_4.mp4,0.8388211,0.8333196
sitting_flickr-4-0-5-4430216405_24.mp4,0.82565314,0.49941137
sitting_flickr-5-0-5-9939767505_15.mp4,0.8662125,0.78441405
sitting_flickr-5-4-7-7-7-6-5-9-9554777659_2.mp4,0.8777307,0.9558042
sitting_flickr-5-6-5-3763637565_22.mp4,0.81722945,0.8150781
sitting_flickr-6-6-2-9-4-5-1-3-4166294513_5.mp4,0.6537879,0.41949087
sitting_flickr-6-8-0-1-6-1-3-8-5968016138_3.mp4,0.88224477,0.9190589
sitting_flickr-7-1-2-8-0-1-1-7-15271280117_21.mp4,0.838811,0.7799669
sitting_flickr-7-2-5-0-7-7-1-0-24272507710_9.mp4,0.8076601,0.7028423
sitting_flickr-7-5-8-2-1-4-1-1-3775821411_11.mp4,0.8523157,0.85291964
sitting_flickr-7-7-1-8-5-2-1-2-5477185212_4.mp4,0.9134013,0.92958164
sitting_flickr-7-7-3-9162582773_70.mp4,0.70300484,0.7802925
sitting_flickr-8-5-5-13084298855_5.mp4,0.8401724,0.93338805
sitting_flickr-9-0-3-6-1-2-8-5-6090361285_60.mp4,0.8482755,0.8442215
sitting_flickr-9-1-8-5402803918_12.mp4,0.85404366,0.90001446
sitting_flickr-9-2-0-1-3-9-5-4-7392013954_53.mp4,0.9513508,0.8534211
sitting_flickr-9-2-6-0-9-1-2-3-8592609123_15.mp4,0.87134725,0.89077854
sitting_flickr-9-3-4-4-4-9-6-5-5993444965_53.mp4,0.8938179,0.96659833
sitting_flickr-9-6-6-12240927966_12.mp4,0.70378506,0.6421726
sitting_flickr-9-9-5-2-3-7-2-3-4299523723_31.mp4,0.8007964,0.912511
skating_9kyNArhUlVU_15.mp4,0.89392143,0.9567852
skating_flickr-0-7-5-7-7-4-3-4-15907577434_2.mp4,0.8566637,0.84669024
skating_flickr-1-2-6-3-3-2-0-1-25912633201_1.mp4,0.77505225,0.8229771
skating_flickr-1-8-9-0-8-8-3-5-3118908835_9.mp4,0.8634521,0.86291397
skating_flickr-1-9-7-0-3-3-1-6-10319703316_2.mp4,0.79244024,0.79721206
skating_flickr-2-2-5-0-0-1-4-8-3422500148_7.mp4,0.7363071,0.781606
skating_flickr-3-0-7-3-7-3-9-5-4430737395_79.mp4,0.7979329,0.82112837
skating_flickr-4-0-9-6-1-0-5-0-3240961050_24.mp4,0.71002525,0.64639735
skating_flickr-4-4-8-9-2-1-5-5-3644892155_27.mp4,0.7808687,0.7122613
skating_flickr-4-7-3-4-5-3-7-7-6847345377_2.mp4,0.88378036,0.89226604
skating_flickr-5-1-4-6-6-2-2-6-20251466226_109.mp4,0.7315263,0.6698556
skating_flickr-6-2-5-2-1-2-3-2-3062521232_1.mp4,0.7808659,0.74321085
skating_flickr-6-5-2-8409054652_7.mp4,0.8202449,0.8825499
skating_flickr-8-3-0-2-9-8-0-2-17483029802_8.mp4,0.8895411,0.90723735
skating_flickr-8-4-4-0-2-8-1-4-10584402814_128.mp4,0.6888985,0.69730765
skating_flickr-8-9-8-1-4-4-5-1-5589814451_5.mp4,0.7977226,0.7173027
skating_flickr-9-5-7-2-5-2-2-8-8195725228_3.mp4,0.69786483,0.6260788
skiing_3-9-4-4-9-9-6-9-8439449969.mp4,0.83578414,0.80632097
skiing_flickr-2-1-1-1-6-8-4-2-4221116842_7.mp4,0.70102227,0.59554297
skiing_flickr-2-1-9-9-8-0-0-7-5421998007_23.mp4,0.7909565,0.77621835
skiing_flickr-2-4-4-0-8-8-6-9-23824408869_35.mp4,0.72304016,0.61605334
skiing_flickr-2-7-6-9-0-9-2-8-8627690928_52.mp4,0.6876074,0.6962368
skiing_flickr-4-0-8-8-1-9-5-8-16440881958_17.mp4,0.79287934,0.812493
skiing_flickr-4-2-9-0-5-9-4-4-3342905944_19.mp4,0.80461293,0.81463593
skiing_flickr-4-4-6-5-4-8-3-0-5344654830_2.mp4,0.67043364,0.5296921
skiing_flickr-4-5-1-6-0-1-6-3-3145160163_11.mp4,0.6718525,0.7248731
skiing_flickr-4-7-8-9-6-9-6-0-2447896960_8.mp4,0.7220428,0.5715836
skiing_flickr-5-0-1-7-6-6-7-4-2450176674_4.mp4,0.80367744,0.85735816
skiing_flickr-5-6-0-3-5-2-3-2-5856035232_8.mp4,0.7671328,0.7587296
skiing_flickr-5-9-5-4-4-6-2-9-20259544629_11.mp4,0.7750512,0.68442684
skiing_flickr-6-2-4-8-6-4-5-8-5462486458_26.mp4,0.72991055,0.7578856
skiing_flickr-6-2-5-5-5-1-0-4-5362555104_19.mp4,0.8205243,0.7559633
skiing_flickr-6-4-9-2-6-0-1-1-8464926011_1.mp4,0.71711296,0.5137843
skiing_flickr-6-7-7-9-3-7-9-2-25267793792_36.mp4,0.7765204,0.79848146
skiing_flickr-6-7-9-4-7-1-3-1-16367947131_2.mp4,0.7715898,0.8186626
skiing_flickr-7-0-8-9-3-0-7-7-16870893077_7.mp4,0.823312,0.69022423
skiing_flickr-7-1-6-2-2-1-4-6-5871622146_2.mp4,0.70824826,0.8158579
skiing_flickr-7-3-0-0-9-5-4-9-8573009549_3.mp4,0.7714291,0.8111162
skiing_flickr-7-5-3-1-5-1-8-1-4375315181_3.mp4,0.7373081,0.7696983
skiing_flickr-7-7-7-6-6-2-4-5-5477766245_6.mp4,0.71622884,0.7190953
skiing_flickr-7-9-0-1-1-7-9-5-5579011795_2.mp4,0.776351,0.61544037
skiing_flickr-7-9-8-3-6-3-3-3-4279836333_13.mp4,0.7379593,0.73350114
skiing_flickr-8-4-0-8-3-6-8-7-3184083687_2.mp4,0.6791061,0.60609984
skiing_flickr-9-5-1-3-0-0-2-5-25395130025_6.mp4,0.8009236,0.854531
skipping_flickr-2-9-0-7-9-9-3-3-16529079933_1.mp4,0.90132874,0.8934878
skipping_flickr-6-6-6-4-7-4-5-9-9666647459_2.mp4,0.7803488,0.9454094
sleeping_5-5-0-6-6-2-8-9-3955066289.mp4,0.8742111,0.91956127
sleeping_flickr-0-5-1-8-5-1-9-5-3205185195_41.mp4,0.8688508,0.7450545
sleeping_flickr-1-3-3-5-0-6-8-4-4713350684_8.mp4,0.89302945,0.94648623
sleeping_flickr-1-5-9-6-5-6-7-3-5515965673_1.mp4,0.9510464,0.948659
sleeping_flickr-1-9-4-2-3-3-5-2-22219423352_43.mp4,0.9259168,0.91601163
sleeping_flickr-5-7-8-2-9-5-7-6-21657829576_5.mp4,0.76930565,0.8994417
sleeping_flickr-7-3-4-4-3-6-1-9-4473443619_41.mp4,0.9062695,0.8773087
sleeping_flickr-8-7-0-7-4-7-0-1-5787074701_34.mp4,0.9047766,0.94959074
sleeping_flickr-9-4-2-0-7-7-4-5-5994207745_5.mp4,0.88498265,0.82863957
sleeping_flickr-9-8-9-2-3-3-0-1-2698923301_22.mp4,0.89536035,0.9317192
slicing_5-1-6-3914579516.mp4,0.9308743,0.95616907
sliding_flickr-2-0-6-0-5-1-2-9-24420605129_1.mp4,0.7207338,0.6384024
sliding_flickr-3-6-3-5-9-6-3-6-3136359636_11.mp4,0.7145725,0.7201525
sliding_flickr-5-2-2-4-2-1-5-6-10952242156_14.mp4,0.8342701,0.8333233
sliding_flickr-5-3-1-5-1-2-8-2-7853151282_23.mp4,0.91881025,0.88626
sliding_flickr-6-4-3-4-1-8-0-7-3564341807_2.mp4,0.7874212,0.7667355
slipping_7-5-2-4785998752.mp4,0.82880366,0.8731976
slipping_flickr-0-5-3-10790179053_6.mp4,0.7225072,0.7330906
slipping_flickr-3-0-1-3006399301_11.mp4,0.9047043,0.9086081
slipping_flickr-4-3-5-10101990435_3.mp4,0.90379083,0.9764935
slipping_flickr-5-1-4-4-4-3-5-6-3551444356_43.mp4,0.7075788,0.7157991
slipping_flickr-6-1-8-0-6-4-9-6-3861806496_16.mp4,0.7570472,0.58173686
slipping_flickr-chrisdmyk-3827805716_3.mp4,0.9080227,0.89774823
slipping_peeks-www_k_to_keek_Ci5Rcab_11.mp4,0.9199069,0.99041945
smiling_1-9-1-3003800191.mp4,0.94554245,0.9443216
smiling_3-1-3-0-5-9-2-3-2431305923.mp4,0.95800894,0.9415462
smiling_flickr-1-0-5-8-7-0-8-0-5710587080_21.mp4,0.9427115,0.9459356
smiling_flickr-5-9-9-8-5-7-4-6-4859985746_48.mp4,0.9046926,0.93926424
smoking_1-5-1-5-2-9-3-0-8515152930.mp4,0.75331444,0.6820122
smoking_2-5-7-5901316257.mp4,0.79220206,0.62633866
smoking_5-4-9-2-2-2-4-5-15354922245.mp4,0.74876213,0.6324166
smoking_7-6-7-8-7-0-6-0-20876787060.mp4,0.9064072,0.9035389
smoking_flickr-4-6-3-9-6-7-1-8-8246396718_4.mp4,0.9144405,0.94316256
smoking_flickr-5-0-5-6-3-3-4-0-19650563340_6.mp4,0.75589836,0.8152313
smoking_flickr-5-2-5-0-6-2-1-2-7452506212_55.mp4,0.5689822,0.5558657
sniffing_5-3-0-9-0-5-9-2-4353090592.mp4,0.8463337,0.6263566
sniffing_flickr-5-7-9-9-6-3-0-0-8657996300_27.mp4,0.86618,0.876628
sniffing_flickr-6-6-4-0-5-4-1-8-5066405418_1.mp4,0.758397,0.842016
sniffing_flickr-9-6-3-7-4-0-1-7-3196374017_1.mp4,0.7617845,0.92292404
snowing_1-4-9-8-6-5-8-6-25814986586.mp4,0.7941925,0.70822346
snowing_3-5-0-5-4-0-3-6-2535054036.mp4,0.6174782,0.71866
snowing_flickr-1-7-9-4-5-0-7-0-5317945070_7.mp4,0.9014939,0.74872744
snowing_flickr-3-5-2-4-6-9-0-8-18635246908_7.mp4,0.8844128,0.73134273
snowing_flickr-3-9-5-7-9-5-1-6-11739579516_7.mp4,0.942118,0.9566232
snowing_flickr-4-8-7-9-9-7-6-0-24048799760_17.mp4,0.7797581,0.8103073
snowing_flickr-5-0-8-0-6-3-8-8-5250806388_24.mp4,0.75731957,0.640243
snowing_flickr-5-2-4-3-6-2-4-4-4352436244_18.mp4,0.82641923,0.8337442
snowing_flickr-6-1-9-5-3-1-2-5-2761953125_21.mp4,0.8242346,0.8557277
snowing_flickr-7-8-5-3-2-3-1-3-21578532313_10.mp4,0.6352268,0.8149635
snowing_flickr-9-6-3-2-5-4-0-3-8396325403_4.mp4,0.8209834,0.7937213
snuggling_flickr-6-7-3-9-0-5-1-7-3367390517_3.mp4,0.83984023,0.8693844
socializing_4-9-7-7-8-6-0-9-2449778609.mp4,0.7265106,0.8126397
speaking_8-1-1-3222394811.mp4,0.945486,1.0
speaking_flickr-0-6-1-7-3-4-0-4-8206173404_31.mp4,0.7805796,0.78915036
speaking_flickr-0-6-3-9-6-3-0-5-13906396305_92.mp4,0.83654684,0.77300596
speaking_flickr-0-9-4-9-8-7-5-6-21809498756_11.mp4,0.83327025,0.84221387
speaking_flickr-7-8-5-4-4-6-0-4-8278544604_15.mp4,0.88641053,0.8012518
spilling_6-5-5-3-7-1-4-4-21965537144.mp4,0.89824694,0.8837081
spilling_flickr-3-1-7-8-8-4-6-7-4931788467_8.mp4,0.9528927,0.93486613
spinning_flickr-0-1-2-9-5-7-0-5-8101295705_9.mp4,0.7968837,0.8766121
spinning_flickr-0-9-3-7-5-4-5-1-2409375451_7.mp4,0.9315106,0.9647499
spinning_flickr-1-1-3-3-0-6-5-4-5611330654_24.mp4,0.95460534,0.9090162
spinning_flickr-2-6-4-1-6-7-4-4-9526416744_6.mp4,0.9612856,0.9471224
spinning_flickr-2-7-6-1-5-5-9-1-9127615591_2.mp4,0.7484054,0.64149106
spinning_flickr-2-9-9-4-5-5-5-8-2429945558_5.mp4,0.85307586,0.9123795
spinning_flickr-4-6-2-5-0-3-4-9-5646250349_8.mp4,0.9274996,0.86750513
spinning_flickr-5-2-2-6-0-6-0-6-4852260606_1.mp4,0.8482772,0.9124395
spinning_flickr-5-5-7-2-5-5-1-8-7355725518_2.mp4,0.88230866,0.9048629
spinning_flickr-5-8-7-1-8-3-0-8-2858718308_1.mp4,0.8668908,0.77970904
spinning_flickr-5-9-0-8-0-5-5-6-8459080556_5.mp4,0.88627344,0.77540094
spinning_flickr-9-3-7-6-4-2-8-5-2493764285_6.mp4,0.76611286,0.88106734
splashing_1-4-8-1-1-3-0-8-5314811308.mp4,0.8758206,0.8361131
splashing_8-4-4-13830479844.mp4,0.91820914,0.9316167
squatting_1-4-5-9992764145.mp4,0.66220033,0.73091197
squatting_6-5-5-6485788655.mp4,0.7947881,0.76365316
squatting_flickr-2-2-9-6627873229_2.mp4,0.78609383,0.70613194
squatting_flickr-8-0-7-6859127807_28.mp4,0.8468455,0.815254
standing_0-2-3-6-4-3-2-8-3902364328.mp4,0.817374,0.80719846
standing_0-5-5-8265494055.mp4,0.9369072,0.9645262
standing_0-9-9-2-6-4-8-1-6609926481.mp4,0.81908804,0.694563
standing_1-1-5-6940192115.mp4,0.7727298,0.7677569
standing_1-5-1-3-3-6-8-1-3415133681.mp4,0.6326295,0.68890846
standing_1-5-3-9176603153.mp4,0.8203472,0.7974809
standing_1-6-1-1-4-8-7-5-16916114875.mp4,0.94271976,0.9564801
standing_1-6-8-5-2-2-3-9-15116852239.mp4,0.7942435,0.6537243
standing_1-7-0-4912692170.mp4,0.936797,0.8187443
standing_1-7-6-5002548176.mp4,0.8369457,0.7644824
standing_2-1-0-3640476210.mp4,0.8066402,0.6929905
standing_2-4-4-10643058244.mp4,0.8415056,0.7792432
standing_2-7-4-7682897274.mp4,0.8403636,0.7907171
standing_3-0-1-2-5-6-5-3-11430125653.mp4,0.89604014,0.82676244
standing_3-1-4-4922194314.mp4,0.82337034,0.9422846
standing_3-1-7-3009996317.mp4,0.86287814,0.9206552
standing_3-1-9-3-0-0-0-3-2831930003.mp4,0.8489939,0.7941777
standing_3-2-8-7-6-7-2-6-4332876726.mp4,0.803776,0.8648575
standing_3-2-9-0-8-7-4-2-3632908742.mp4,0.7564982,0.6404449
standing_3-9-9-1-5-5-1-4-20039915514.mp4,0.8019812,0.75509405
standing_4-2-6-6-1-4-5-4-5642661454.mp4,0.73298514,0.5764574
standing_4-4-8-4-9-9-4-3-5844849943.mp4,0.7119759,0.5432194
standing_4-9-6-3-0-2-5-3-2949630253.mp4,0.66632974,0.6026278
standing_5-2-1-4743990521.mp4,0.7864398,0.784739
standing_5-2-5-1-4-5-9-4-5252514594.mp4,0.78091365,0.696337
standing_5-2-5-7036717525.mp4,0.6460761,0.7619191
standing_5-5-1-2-3-6-4-6-9555123646.mp4,0.7280811,0.5506306
standing_5-6-0-5244009560.mp4,0.75403327,0.82484883
standing_5-6-5-8-4-6-7-9-2656584679.mp4,0.8179019,0.73130125
standing_5-9-1-1-9-3-1-2-7159119312.mp4,0.7828579,0.8340119
standing_5-9-6-8-6-0-7-1-15959686071.mp4,0.7891015,0.775258
standing_6-0-4-0-2-4-6-7-7060402467.mp4,0.8045825,0.75977916
standing_6-4-4-5-2-4-1-1-9664452411.mp4,0.7138325,0.6563401
standing_6-4-5-1-0-5-7-6-3964510576.mp4,0.7958884,0.93477845
standing_6-4-9-8-2-0-6-0-3664982060.mp4,0.85045564,0.7761128
standing_6-5-6-8-7-1-3-6-3265687136.mp4,0.81286836,0.8969558
standing_6862203205.mp4,0.8591397,0.9292634
standing_7-4-6-0-6-8-9-5-18074606895.mp4,0.85910684,0.7683154
standing_7-9-7-6-0-1-4-6-4279760146.mp4,0.750528,0.7089932
standing_8-0-0-9-0-1-7-8-3280090178.mp4,0.6489481,0.67449516
standing_8-1-8-2693654818.mp4,0.8803089,0.7805922
standing_8-6-6-7290456866.mp4,0.74384964,0.77946407
standing_8-7-4-6033603874.mp4,0.674091,0.67540187
standing_8-7-9-2-1-4-3-5-4687921435.mp4,0.7680388,0.8082475
standing_9-0-6-2-9-6-3-8-15290629638.mp4,0.7978618,0.71472347
standing_9-5-4-1-9-9-4-3-20895419943.mp4,0.8208493,0.7209359
standing_9-5-6-2634837956.mp4,0.8586213,0.92174816
standing_flickr-0-2-0-8-7-0-2-4-4802087024_15.mp4,0.9343247,0.89841473
standing_flickr-0-6-6-0-2-0-9-2-7706602092_5.mp4,0.8800252,0.89127517
standing_flickr-0-8-9-2457272089_2.mp4,0.8728796,0.78133416
standing_flickr-0-9-3-2-2-4-0-5-6809322405_7.mp4,0.8496433,0.839055
standing_flickr-1-0-7-3670189107_3.mp4,0.8285589,0.7407564
standing_flickr-1-0-8-8-1-4-4-9-3610881449_16.mp4,0.891622,0.93331784
standing_flickr-2-3-7-8-2-8-6-5-13623782865_9.mp4,0.84017545,0.92154956
standing_flickr-3-3-0-9-1-0-0-2-3033091002_51.mp4,0.8508395,0.8227233
standing_flickr-3-4-3-4-4-6-2-4-10134344624_167.mp4,0.8349053,0.6553764
standing_flickr-3-4-8-2-2-9-3-3-5734822933_48.mp4,0.8728838,0.75994045
standing_flickr-4-1-7-2-7-0-1-3-4641727013_28.mp4,0.9299655,0.95871735
standing_flickr-4-3-8-6-1-6-0-6-5543861606_35.mp4,0.8689318,0.8493082
standing_flickr-4-4-7-8-7-0-0-5-2444787005_9.mp4,0.77985257,0.8644534
standing_flickr-4-6-0-5-4-2-3-9-5546054239_25.mp4,0.92180693,0.86956555
standing_flickr-4-8-0-6-8-7-2-6-16848068726_39.mp4,0.76389784,0.7473009
standing_flickr-5-9-2-9-5-0-7-1-5359295071_32.mp4,0.89647627,0.94525933
standing_flickr-6-4-6-8-4-2-0-7-8664684207_3.mp4,0.82918775,0.77345544
standing_flickr-6-7-5-6-2-4-6-4-8767562464_36.mp4,0.8904871,0.76661
standing_flickr-6-7-7-9-2-2-1-9-6767792219_7.mp4,0.76171416,0.69817656
standing_flickr-7-2-8-5-5-2-5-4-4572855254_76.mp4,0.7718031,0.916031
standing_flickr-7-8-7-9-2-5-6-0-3178792560_15.mp4,0.8577824,0.79802334
standing_flickr-8-0-4-9-0-3-8-5-4180490385_11.mp4,0.7312521,0.7432163
standing_flickr-8-8-3-3407483883_23.mp4,0.8379046,0.6962786
standing_flickr-9-2-3-5-8-7-1-5-13792358715_14.mp4,0.77910465,0.626736
standing_flickr-9-3-1-7-5-0-3-2-2693175032_7.mp4,0.9066883,0.7755439
standing_flickr-9-4-5-5-6-3-2-6-5994556326_10.mp4,0.8865991,0.7219045
steering_flickr-1-1-4-6-3-8-5-5-17211463855_49.mp4,0.88106257,0.8614588
steering_flickr-3-0-8-1-6-9-4-5-5330816945_5.mp4,0.78179383,0.76999223
stirring_9-1-9-5-6-7-2-8-2691956728.mp4,0.85137004,0.9184089
stirring_flickr-9-2-0-2-7-6-2-9-4092027629_19.mp4,0.9215688,0.85521096
stirring_wc-EdwKUvcaw1wU_32.mp4,0.8906932,0.9062885
stomping_flickr-phanstiel-6954909085_19.mp4,0.91636926,0.7902056
stomping_flickr-selepouchinest-2989494696_9.mp4,0.8094123,0.89135015
stopping_flickr-9-2-2-8-7-2-8-8-5092287288_47.mp4,0.8412057,0.80683416
storming_flickr-2-1-5-2755095215_11.mp4,0.7103015,0.6918736
stretching_flickr-0-2-3-3-4-4-0-8-14602334408_9.mp4,0.8583763,0.8005079
stretching_flickr-9-9-8-6037029998_1.mp4,0.88964117,0.72849286
stretching_meta-1030589_48.mp4,0.9444229,0.9773587
studying_flickr-0-5-9-4073111059_5.mp4,0.8380253,0.7494357
surfing_5-7-5-3760841575.mp4,0.790542,0.68458694
surfing_flickr-0-0-8-7-3-5-1-5-3700873515_18.mp4,0.7574345,0.7106706
surfing_flickr-0-5-4-1-6-2-4-5-25805416245_171.mp4,0.91404724,0.6800143
surfing_flickr-1-7-8-3-7-4-8-7-2817837487_1.mp4,0.8338543,0.73663825
surfing_flickr-1-9-1-6-2-6-6-2-3719162662_11.mp4,0.77982885,0.66983575
surfing_flickr-2-3-8-0-7-8-5-2-15823807852_4.mp4,0.85929227,0.8402456
surfing_flickr-2-3-8-2-3-9-0-2-15823823902_19.mp4,0.80901134,0.84573406
surfing_flickr-6-0-1-2-0-2-3-9-4960120239_6.mp4,0.6880333,0.63287026
surfing_flickr-6-8-2-8-8-9-6-0-18668288960_45.mp4,0.74293876,0.8248364
surfing_flickr-8-0-4-4-6-3-8-5-3380446385_23.mp4,0.75522053,0.7840706
sweeping_flickr-7-9-7-0-0-6-5-2-3079700652_4.mp4,0.8809545,0.8530797
swimming_0-6-7-8-3-3-0-3-10106783303.mp4,0.67745167,0.51127136
swimming_0-8-1-0-6-8-0-1-14408106801.mp4,0.7258048,0.8075185
swimming_1-1-2-4-3-6-1-6-5511243616.mp4,0.696033,0.73220533
swimming_1-9-3-5084699193.mp4,0.77504456,0.8536427
swimming_3-7-6-9-2-5-4-0-5137692540.mp4,0.7985836,0.77299756
swimming_4-8-8-8-6-6-5-6-10848886656_162.mp4,0.91411704,0.9812686
swimming_5-1-7-2775791517.mp4,0.77336884,0.7504316
swimming_5-7-6-4-4-1-1-8-16257644118.mp4,0.89247876,0.8294577
swimming_flickr-0-1-4-7-6-2-7-7-2401476277_5.mp4,0.90709317,0.9215947
swimming_flickr-0-1-7-2-4-4-3-1-21401724431_8.mp4,0.7179583,0.64692676
swimming_flickr-0-3-1-7-8-1-5-3-16003178153_5.mp4,0.89767003,0.9301853
swimming_flickr-0-6-7-3-6-0-1-1-8606736011_2.mp4,0.9210353,0.9229308
swimming_flickr-0-9-7-4-3-7-5-8-6009743758_19.mp4,0.8456466,0.90510476
swimming_flickr-2-9-9-3661204299_3.mp4,0.73169124,0.80587935
swimming_flickr-3-8-2-9-6-2-7-2-3738296272_4.mp4,0.9361771,0.9716423
swimming_flickr-4-1-1-9-6-5-2-9-2841196529_19.mp4,0.8716979,0.86486477
swimming_flickr-4-6-5-3-9-2-9-2-8446539292_1.mp4,0.86560935,0.7821319
swimming_flickr-5-1-4-5-4-8-6-7-8751454867_2.mp4,0.6418206,0.5890509
swimming_flickr-5-2-2-4-0-9-4-2-6952240942_11.mp4,0.6929693,0.6845945
swimming_flickr-5-3-5-9-2-3-2-5-8653592325_15.mp4,0.9164665,0.9437983
swimming_flickr-5-4-1-8-3-9-8-7-2454183987_6.mp4,0.69019574,0.78034484
swimming_flickr-5-8-8-6-5-9-6-2-5458865962_29.mp4,0.8050974,0.70203847
swimming_flickr-5-9-2-1-6-2-9-8-16359216298_21.mp4,0.86189175,0.6769554
swimming_flickr-5-9-7-8-5-3-1-8-5359785318_14.mp4,0.9186739,0.8848274
swimming_flickr-7-1-7-8-5-6-9-1-14071785691_9.mp4,0.8378988,0.88147914
swimming_flickr-7-3-4-9-2-0-3-6-11973492036_9.mp4,0.87186855,0.8200136
swimming_flickr-7-4-3-0-4-0-9-1-3774304091_19.mp4,0.79070634,0.62027663
swimming_flickr-7-5-4-4-9-1-4-0-6975449140_29.mp4,0.6823732,0.6923823
swimming_flickr-7-9-9-9-2-8-5-8-5979992858_9.mp4,0.8334479,0.78828037
swimming_flickr-8-2-8-8-0-2-5-7-14682880257_64.mp4,0.83803886,0.8375266
swimming_flickr-9-8-2-8-8-2-2-6-23398288226_2.mp4,0.8556446,0.7157161
swimming_oxFip_x287g_188.mp4,0.8781191,0.96583104
swinging_flickr-0-0-0-4-8-3-7-9-4800048379_12.mp4,0.82406455,0.6536783
swinging_flickr-0-1-8-1-3-8-4-3-2901813843_6.mp4,0.8737078,0.7425853
swinging_flickr-1-4-2-9-0-0-8-5-14314290085_3.mp4,0.73004454,0.8123773
swinging_flickr-1-8-8-7-4-2-3-9-2418874239_19.mp4,0.80973583,0.77530235
swinging_flickr-2-7-3-4-6-5-5-3-24227346553_33.mp4,0.8855522,0.75635725
swinging_flickr-2-9-5-9-6-4-9-1-3229596491_48.mp4,0.866506,0.89489675
swinging_flickr-3-9-0-6-2-9-8-3-13539062983_5.mp4,0.89986163,0.97377276
swinging_flickr-7-4-2-1-4-9-4-3-2474214943_4.mp4,0.8993197,0.72468513
swinging_flickr-9-0-9-5-7-9-3-5-5590957935_41.mp4,0.8341818,0.7604926
talking_0-0-1-2510914001.mp4,0.7836137,0.93403006
talking_0-1-5-3-4-9-1-9-3301534919.mp4,0.8472625,0.7340919
talking_0-3-1-9-6-2-2-5-5503196225.mp4,0.54721445,0.56710154
talking_0-3-8-6-7-8-9-6-7003867896.mp4,0.8968984,0.9350462
talking_0-4-3-5402337043.mp4,0.87872016,0.8372424
talking_0-5-0-4513111050.mp4,0.94973665,0.9383131
talking_0-5-4-2-3-5-5-9-2505423559.mp4,0.80175143,0.91206306
talking_0-7-1-2765864071.mp4,0.6527585,0.4829476
talking_0-9-2-4806229092.mp4,0.8572367,0.88061905
talking_0-9-4-5-7-2-5-8-2809457258.mp4,0.8541453,0.8687435
talking_1-0-0-8-5-3-3-3-6210085333.mp4,0.8101575,0.7785929
talking_1-0-1-3317818101.mp4,0.9374482,0.9671051
talking_1-1-9-1-3-4-8-4-13211913484.mp4,0.81274164,0.7342707
talking_1-2-0-8-3-3-6-6-24812083366.mp4,0.9223792,0.90155315
talking_1-2-4-1-5-0-9-0-17612415090.mp4,0.76494,0.77414
talking_1-3-0-6-0-1-5-4-2513060154.mp4,0.8926085,0.9211986
talking_1-3-4-1-4-0-0-1-26013414001.mp4,0.898913,0.80891883
talking_1-4-7-8929192147.mp4,0.9538096,0.8822023
talking_1-4-9-3-7-0-3-9-6914937039.mp4,0.76131976,0.701777
talking_2-1-4-5655087214.mp4,0.854904,0.8097492
talking_2-6-5-3931303265.mp4,0.9471629,0.9664018
talking_2-7-1-9211116271.mp4,0.8649388,0.8929237
talking_2-8-4-12888802284.mp4,0.7723393,0.803536
talking_3-0-4-5-6-1-0-3-3730456103.mp4,0.7826545,0.6710497
talking_3-0-8-3-3-4-7-3-7030833473.mp4,0.7025771,0.76389927
talking_3-2-1-7159335321.mp4,0.90618753,0.85912377
talking_3-5-4-5-1-3-9-2-3335451392.mp4,0.7663165,0.70427316
talking_3-6-3-13719379363.mp4,0.71070015,0.7500937
talking_3-6-6-3-6-7-0-0-4836636700.mp4,0.8199528,0.7736253
talking_3-9-5-2-8-1-5-9-3139528159.mp4,0.82877666,0.7146725
talking_4-0-3-3-6-5-6-8-2940336568.mp4,0.8964459,0.8897385
talking_4-1-2-7758221412.mp4,0.907709,0.92202455
talking_4-1-5-0-6-7-7-6-4541506776.mp4,0.92578804,0.9314167
talking_4-4-5-5-9-6-8-0-25244559680.mp4,0.81149286,0.7961571
talking_4-7-5-7-6-3-5-8-8547576358.mp4,0.84502435,0.6931606
talking_4-8-7-6475562487.mp4,0.79447377,0.73836035
talking_5-3-7-8-5-6-6-5-3253785665.mp4,0.86613935,0.81100523
talking_5-4-3-5-7-0-3-6-6954357036.mp4,0.86859065,0.8188933
talking_5-4-3-8-8-3-5-5-9654388355.mp4,0.7507365,0.69303733
talking_5-4-6-1-2-1-2-2-3554612122.mp4,0.6892103,0.80440795
talking_5-5-3-4542481553.mp4,0.6315805,0.54423714
talking_5-5-8-5-5-7-5-0-2855855750.mp4,0.914549,0.79349995
talking_5-5-9-3-8-1-8-5-8755938185.mp4,0.86319107,0.87162155
talking_5-8-0-5-2-6-6-3-2858052663.mp4,0.84313256,0.7913766
talking_5-8-2-7-0-5-4-6-5358270546.mp4,0.88474023,0.8959444
talking_5-9-7-7-6-5-0-6-5959776506.mp4,0.8464722,0.8053661
talking_5854819677.mp4,0.8431364,0.8066805
talking_6-1-1-1-0-6-0-4-3861110604.mp4,0.8673417,0.78491676
talking_6-1-4-12963356614.mp4,0.82926357,0.6498691
talking_6-1-5-10838889615.mp4,0.8981904,0.78905547
talking_6-2-3-3-5-5-9-1-5962335591.mp4,0.83701056,0.74653727
talking_6-4-1-3-2-7-0-1-3464132701.mp4,0.92869425,0.8815125
talking_6-6-9-4-1-3-9-8-6866941398.mp4,0.8125755,0.9349746
talking_6-7-5-12570067675.mp4,0.9110728,0.8196739
talking_6-9-3-9-8-1-4-9-2869398149.mp4,0.8526946,0.8055917
talking_7-3-1-7-1-4-3-0-5273171430.mp4,0.85897577,0.84657675
talking_7-5-9-4297171759.mp4,0.8371636,0.7197424
talking_7-6-4-2-2-1-5-4-4376422154.mp4,0.80093884,0.840175
talking_7625892024.mp4,0.73966664,0.5857586
talking_8-0-2-6902019802.mp4,0.8180312,0.76423967
talking_8-0-3-8063369803.mp4,0.820515,0.8457252
talking_8-0-4-4-1-0-2-3-3580441023.mp4,0.8505166,0.86757815
talking_8-1-9-5235140819.mp4,0.8456151,0.89614284
talking_9-0-7-1-6-1-5-4-5390716154.mp4,0.87494546,0.89213145
talking_9-1-3-6181547913.mp4,0.82829195,0.7416876
talking_9-1-7-9-1-9-8-0-14291791980.mp4,0.7038778,0.63477266
talking_9-2-4-3-6-3-5-7-3792436357.mp4,0.84880763,0.81637704
talking_9-3-1-4-8-1-3-6-4093148136.mp4,0.81699955,0.7545068
talking_9-5-8-6144676958.mp4,0.9494941,0.93021744
talking_9-7-3-4-3-0-0-5-6297343005.mp4,0.887268,0.902494
talking_9-8-8-4-4-3-6-7-5298844367.mp4,0.85602903,0.78310394
talking_9-9-6-8-0-1-8-2-3799680182.mp4,0.8301082,0.80276257
talking_9663474303.mp4,0.7809415,0.79002535
talking_flickr-0-0-6-1-3-9-6-4-16000613964_7.mp4,0.95964056,0.8651335
talking_flickr-0-1-9-1-7-3-8-3-3401917383_4.mp4,0.8559885,0.8669306
talking_flickr-0-3-8-5-4-3-2-5-2503854325_1.mp4,0.86518633,0.8600284
talking_flickr-0-4-9-0-5-6-0-1-8704905601_38.mp4,0.85186225,0.82413566
talking_flickr-0-7-1-4-6-8-2-3-11607146823_24.mp4,0.94952416,0.93303365
talking_flickr-0-7-3-0-4-8-5-7-8107304857_4.mp4,0.91874313,0.89440304
talking_flickr-0-8-0-3-1-4-7-3-6608031473_7.mp4,0.77795446,0.71887434
talking_flickr-0-8-5-4-3-0-2-3-3908543023_8.mp4,0.9452516,0.9555782
talking_flickr-1-2-6-7-2-7-2-9-2812672729_20.mp4,0.95380205,0.93800586
talking_flickr-1-5-7-5-7-2-4-5-12015757245_35.mp4,0.8694051,0.8168319
talking_flickr-1-7-6-5136517176_16.mp4,0.8451347,0.80103606
talking_flickr-2-1-1-4-3-5-8-7-5121143587_33.mp4,0.8773694,0.9649855
talking_flickr-2-4-7-7-4-3-2-5-6524774325_32.mp4,0.9383095,0.9064133
talking_flickr-2-5-8-1-9-9-4-9-2525819949_2.mp4,0.75690097,0.6453118
talking_flickr-2-7-7-6-8-7-6-9-16527768769_2.mp4,0.8732793,0.82195985
talking_flickr-2-8-5-6662142285_1.mp4,0.6817174,0.66429055
talking_flickr-3-1-2-0-6-1-3-2-2431206132_4.mp4,0.90218705,0.7592222
talking_flickr-3-4-3-0-6-1-8-5-10434306185_31.mp4,0.9306458,0.9773577
talking_flickr-3-5-4-8-9-9-5-6-4335489956_1.mp4,0.8828971,0.7574741
talking_flickr-3-5-7-6-9-3-0-4-21735769304_7.mp4,0.9006095,0.9246715
talking_flickr-3-9-6-9-1-3-5-9-6639691359_47.mp4,0.7140621,0.6900935
talking_flickr-4-1-6-5386569416_27.mp4,0.7949045,0.8543399
talking_flickr-4-3-2-5-6-2-7-8-4743256278_1.mp4,0.87923795,0.9360459
talking_flickr-4-5-4-7-2-5-4-1-4345472541_32.mp4,0.8595565,0.8079462
talking_flickr-4-6-3-5-0-3-2-0-4946350320_43.mp4,0.9258298,0.9777241
talking_flickr-4-6-8-1-6-6-8-4-4946816684_9.mp4,0.84063673,0.9157806
talking_flickr-4-8-4-4-9-5-5-4-3348449554_19.mp4,0.8443026,0.81758064
talking_flickr-5-1-1-8-2-5-4-5-9051182545_7.mp4,0.7798139,0.8577391
talking_flickr-5-1-3-1-8-3-5-4-20851318354_34.mp4,0.9502381,0.9891217
talking_flickr-5-4-0-6-5-9-8-4-2554065984_28.mp4,0.91669226,0.88046646
talking_flickr-5-6-2-6-9-4-1-5-4656269415_4.mp4,0.95241195,0.95231986
talking_flickr-5-6-7-9255629567_11.mp4,0.91376823,0.84809047
talking_flickr-5-6-9-7-4-7-6-4-7656974764_48.mp4,0.8633266,0.8409917
talking_flickr-5-8-5-1-2-3-6-8-3058512368_1.mp4,0.8599683,0.8065634
talking_flickr-5-8-5-6-6-8-5-6-7458566856_5.mp4,0.8024147,0.7592871
talking_flickr-5-9-5-8575240595_163.mp4,0.71746194,0.78701895
talking_flickr-6-1-4-0-6-0-2-9-5861406029_11.mp4,0.69065964,0.3832711
talking_flickr-6-2-3-7-0-8-8-7-5762370887_64.mp4,0.8869648,0.76304704
talking_flickr-6-7-1-8-0-2-1-6-21767180216_33.mp4,0.883704,0.93567455
talking_flickr-6-7-7-9-2-2-1-9-6767792219_8.mp4,0.77125794,0.82391816
talking_flickr-6-7-9-2424501679_18.mp4,0.73858744,0.6287356
talking_flickr-7-2-0-8-0-6-1-8-7372080618_32.mp4,0.83847445,0.7545342
talking_flickr-7-2-6-2-0-6-5-4-8572620654_1.mp4,0.8558341,0.76424557
talking_flickr-7-2-9-5-3-5-1-6-5172953516_1.mp4,0.83055663,0.8042133
talking_flickr-7-4-7-5-0-1-7-8-2974750178_53.mp4,0.8485265,0.8623028
talking_flickr-7-6-1-9-4-7-0-8-15076194708_17.mp4,0.83017254,0.8796006
talking_flickr-7-7-9-0-6-9-6-6-12177906966_15.mp4,0.81518567,0.90027416
talking_flickr-8-0-2-2-1-6-7-6-3480221676_8.mp4,0.8171124,0.789919
talking_flickr-8-1-3-0-5-8-1-3-3381305813_2.mp4,0.8394097,0.83994424
talking_flickr-8-1-9-0-4-1-4-7-2581904147_6.mp4,0.75667554,0.5034061
talking_flickr-8-6-6-1-5-0-9-6-3286615096_18.mp4,0.8916092,0.8989239
talking_flickr-9-4-5-3-0-9-9-8-3694530998_2.mp4,0.7229764,0.81991524
talking_flickr-9-5-6-2-7-5-9-1-5195627591_14.mp4,0.9368981,0.90970737
tattooing_flickr-3-9-3-4167697393_5.mp4,0.9425303,0.965217
tattooing_flickr-5-3-5-9-8-6-7-4-5553598674_12.mp4,0.90159833,0.90186316
teaching_flickr-1-5-9-6167443159_35.mp4,0.89139587,0.8767804
teaching_flickr-1-7-1-1-6-6-4-3-6517116643_4.mp4,0.910806,0.8122086
teaching_flickr-5-6-2-0-1-8-5-9-3956201859_1.mp4,0.86861074,0.803143
teaching_flickr-7-7-7-9-7-7-4-5-3377797745_32.mp4,0.9339734,0.8958803
teaching_flickr-8-7-7-9-9-3-7-0-2987799370_31.mp4,0.8385372,0.8056642
teaching_flickr-9-1-5-4-2-0-0-9-15791542009_3.mp4,0.86150616,0.929402
teaching_flickr-9-6-2-0-9-2-7-4-4696209274_6.mp4,0.80850637,0.8000473
tearing_meta-603450_26.mp4,0.8990413,0.98677564
throwing_5-3-2-9-0-4-0-1-6953290401.mp4,0.702032,0.7159349
throwing_6-5-0-7615848650.mp4,0.7236575,0.6218621
throwing_flickr-0-5-5-3-1-3-7-8-9405531378_29.mp4,0.87552327,0.9017716
throwing_flickr-0-8-6-6-0-4-4-4-2808660444_3.mp4,0.70258695,0.7038147
throwing_flickr-3-1-6-4273893316_18.mp4,0.7457589,0.8019305
throwing_flickr-3-5-3-7-9-1-9-3-3735379193_1.mp4,0.92471665,0.85331964
throwing_flickr-3-7-4-2-9-4-6-8-7237429468_1.mp4,0.86990386,0.8097068
throwing_flickr-4-2-8-7574522428_16.mp4,0.73925036,0.6075352
towing_flickr-3-1-2-1-0-2-0-2-16331210202_66.mp4,0.6870426,0.677624
turning_3973051967.mp4,0.85848695,0.71872896
turning_QqSkoCrMWV0_78.mp4,0.9351645,0.84404427
turning_flickr-0-2-7-2400397027_40.mp4,0.8460502,0.9049781
turning_flickr-0-6-8-7-8-3-0-4-9506878304_1.mp4,0.8397987,0.87377787
turning_flickr-0-9-5-4-8-7-0-5-5209548705_46.mp4,0.8903417,0.7799667
turning_flickr-1-3-6-8-2-1-5-2-5313682152_24.mp4,0.6720976,0.58462113
turning_flickr-3-5-6-0-6-4-6-7-4335606467_62.mp4,0.884236,0.7205525
turning_flickr-3-7-0-9-2-4-5-7-14737092457_9.mp4,0.7023094,0.65068215
turning_flickr-6-0-0-9-1-4-8-1-4460091481_44.mp4,0.8895039,0.86867815
turning_flickr-6-0-2-9-4-3-9-7-6260294397_16.mp4,0.8620659,0.6763153
turning_flickr-7-4-7-3261151747_3.mp4,0.9039534,0.85266757
turning_flickr-7-6-4-5-5-9-1-6-14376455916_22.mp4,0.8875221,0.88088727
turning_flickr-8-7-3-0-2-6-1-3-3987302613_8.mp4,0.93978053,0.9316382
turning_i3gcsKmu130_246.mp4,0.95002264,0.91511
twisting_0-0-4-7752560004.mp4,0.94230497,0.8958773
unfolding_meta-11516941_39.mp4,0.93020207,0.9235101
unloading_2Tm26dLw29A_69.mp4,0.9215241,0.92056024
unpacking_yt_R-nqBs6E9od6k_310.mp4,0.89184517,0.925178
waking_5-9-8-6-9-4-4-0-16359869440.mp4,0.9171176,0.8889649
waking_flickr-0-0-6-0-7-6-1-0-3300607610_59.mp4,0.8907983,0.84402263
waking_flickr-3-3-6-1-5-7-8-6-4533615786_16.mp4,0.83880836,0.9322495
walking_0-2-7-5804930027.mp4,0.792587,0.87358344
walking_1-4-3-5-3-2-1-2-21814353212.mp4,0.66134363,0.56455904
walking_3-4-6-2-9-5-5-2-3334629552.mp4,0.8800333,0.8988429
walking_5006588345.mp4,0.88207287,0.8186679
walking_flickr-0-3-8-9-8-3-7-6-9603898376_12.mp4,0.8926638,0.86200255
walking_flickr-0-4-7-9-3-3-6-3-11304793363_3.mp4,0.879696,0.8100394
walking_flickr-0-5-9-9-4-3-8-7-5805994387_3.mp4,0.9202725,0.92673737
walking_flickr-1-0-4-8-6-9-7-6-2910486976_28.mp4,0.6226336,0.59163994
walking_flickr-1-7-7-2476164177_14.mp4,0.8098913,0.83033425
walking_flickr-2-6-3-9782754263_4.mp4,0.7422361,0.44128168
walking_flickr-3-7-9-9-3-6-1-8-8237993618_20.mp4,0.9044248,0.80185074
walking_flickr-4-9-3-2-3-4-4-4-4649323444_25.mp4,0.86503726,0.78047794
walking_flickr-4-9-5-3-0-8-6-4-14749530864_6.mp4,0.8865928,0.7121757
walking_flickr-5-0-4-4-4-1-3-6-15850444136_10.mp4,0.83158726,0.72853947
walking_flickr-5-0-9-6-1-5-0-8-3450961508_6.mp4,0.8331776,0.9050022
walking_flickr-5-2-5-6-9-6-2-0-3452569620_4.mp4,0.82180154,0.835933
walking_flickr-5-2-8-5-9-1-3-4-8952859134_2.mp4,0.8308515,0.6227803
walking_flickr-5-3-2-6-4-6-0-6-3453264606_5.mp4,0.80141264,0.8242335
walking_flickr-5-9-4-9-0-5-3-5-3659490535_9.mp4,0.9301664,0.94666034
walking_flickr-6-4-8-9-3-2-3-3-5764893233_59.mp4,0.7375963,0.8222304
walking_flickr-7-3-6-4-4-0-9-3-2773644093_12.mp4,0.74195975,0.6473104
walking_flickr-7-7-0-9-2-5-8-9-3277092589_38.mp4,0.73149586,0.8753685
walking_flickr-7-7-4-6-8-9-3-5-3677468935_38.mp4,0.6710225,0.68754584
walking_flickr-7-7-4-7-6-0-6-0-4277476060_4.mp4,0.83035874,0.7454799
walking_flickr-7-7-9-6-8-2-9-5-21377968295_5.mp4,0.7493536,0.667118
walking_flickr-7-8-0-5-1-6-4-2-14778051642_35.mp4,0.92335224,0.86399627
walking_flickr-7-8-5-3-1-7-1-8-5078531718_29.mp4,0.93193656,0.95918816
walking_flickr-7-8-8-7-9-0-3-0-24578879030_15.mp4,0.91049045,0.903732
walking_flickr-7-9-0-9-6-5-2-4-9579096524_2.mp4,0.8895408,0.95639855
walking_flickr-8-5-4-13522709854_20.mp4,0.92952573,0.94257355
walking_flickr-9-2-9-7-9-5-0-1-3892979501_22.mp4,0.8522786,0.8341164
walking_flickr-9-5-5-3246226955_7.mp4,0.82988757,0.8599056
walking_flickr-9-9-8-2-9-7-0-2-7299829702_1.mp4,0.78207195,0.59987867
washing_flickr-5-2-1-9-1-4-7-5-6452191475_7.mp4,0.8636396,0.96724784
washing_flickr-7-1-1-2-0-3-7-3-25471120373_4.mp4,0.89873177,0.78302914
washing_flickr-9-0-8-8-9-1-0-4-16690889104_12.mp4,0.88897705,0.8382026
watering_0-9-1-4-6-7-5-3-24909146753.mp4,0.78181785,0.7131723
watering_2-0-1-4742199201.mp4,0.8377322,0.8382902
watering_5-6-7-7-6-0-9-9-3756776099.mp4,0.9015118,0.928285
watering_flickr-9-8-1-3-9-4-6-5-13798139465_1.mp4,0.81709003,0.87782526
wetting_0-0-1-6-7-2-8-0-17500167280.mp4,0.77482134,0.814772
wetting_3-6-7-1-7-6-9-9-7136717699.mp4,0.7495115,0.74854994
wetting_7-5-1-3-9-8-8-8-3875139888.mp4,0.77696073,0.76307803
wetting_flickr-0-3-4-5-3-7-0-4-4903453704_9.mp4,0.7625306,0.67412376
wetting_flickr-1-3-1-5-9-2-4-9-22913159249_55.mp4,0.8392712,0.7543712
wetting_flickr-3-7-2-4-4-3-9-6-2737244396_76.mp4,0.8329739,0.7861124
wetting_flickr-3-8-3-8-6-7-4-6-9138386746_6.mp4,0.82469743,0.73220354
wetting_flickr-4-4-9-0-2-7-2-7-2844902727_2.mp4,0.69551504,0.5500172
wetting_flickr-6-5-2-5144318652_17.mp4,0.9059538,0.89707005
wetting_flickr-6-7-6-4233004676_31.mp4,0.85200423,0.7362362
wetting_flickr-7-9-9-7-0-2-3-8-2979970238_10.mp4,0.7829237,0.69134635
wetting_flickr-8-9-6-11766963896_3.mp4,0.8828484,0.90281725
wetting_flickr-9-3-9-2-2-3-5-4-3593922354_7.mp4,0.8368584,0.84582335
wetting_flickr-9-8-1-3-7-7-0-6-22098137706_5.mp4,0.77319264,0.73942506
whistling_flickr-1-3-8-5-5-3-9-3-3713855393_5.mp4,0.8154956,0.8568111
whistling_flickr-12085186@N04-5766890304_25.mp4,0.9172316,0.98864955
whistling_flickr-matthew1wong-4879640978_3.mp4,0.71373117,0.6004158
working_2-2-5-8689889225.mp4,0.8283309,0.8112369
working_9-1-2-4-9-3-5-8-2891249358.mp4,0.8012171,0.8505171
working_flickr-2-0-8-7-1-6-4-8-5520871648_3.mp4,0.748008,0.64172846
working_flickr-2-2-7-3-0-1-8-0-25222730180_34.mp4,0.91919595,0.9455258
working_flickr-2-2-9-2-3-2-9-2-4322923292_5.mp4,0.85523677,0.91794175
working_flickr-4-3-2-9-1-1-2-6-4243291126_15.mp4,0.9314088,0.9339678
working_flickr-4-6-5-0-2-9-7-8-6946502978_14.mp4,0.87396663,0.8744427
working_flickr-4-8-7-8-3-5-5-2-6848783552_1.mp4,0.8185486,0.6858745
working_flickr-5-6-9-8-8-2-5-9-7156988259_6.mp4,0.89424956,0.8821856
working_flickr-8-2-2-5-2-1-8-0-14182252180_49.mp4,0.9430336,0.8407989
working_flickr-8-9-2-9-5-7-3-0-7189295730_3.mp4,0.8654669,0.7126335
wrapping_0-6-2-2-8-5-0-4-7506228504.mp4,0.9249019,0.98888856
yawning_flickr-1-2-9-7-3-1-5-1-21312973151_2.mp4,0.8363404,0.88440436
yawning_flickr-2-8-8-0-4-0-5-6-24528804056_27.mp4,0.918367,0.8619535
yawning_flickr-6-9-7-6-8-9-6-2-7369768962_49.mp4,0.9209672,0.80321044
